-- Проанализировать структуру БД vk, которую мы создали на занятии, и внести предложения по усовершенствованию (если такие идеи есть).
-- Напишите пожалуйста, всё-ли понятно по структуре.
-- Добавить необходимую таблицу/таблицы для того, чтобы можно было использовать лайки для медиафайлов, постов и пользователей.
-- Используя сервис http://filldb.info или другой по вашему желанию, сгенерировать тестовые данные для всех таблиц,
-- учитывая логику связей. Для всех таблиц, где это имеет смысл, создать не менее 100 строк.
-- Создать локально БД vk и загрузить в неё тестовые данные.

-- create database if not exists snet1509;

drop database if exists snet1509;
create database snet1509;
use snet1509;

drop table if exists users;
create table users(
	id serial primary key, -- SERIAL = BIGINT UNSIGNED NOT NULL AUTO_INCREMENT UNIQUE
	name varchar(50),
	surname varchar(50),
	email varchar(120) unique,
	phone varchar(20),
	gender char(1),
	birthday date,
	hometown varchar(50),
	photo_id bigint unsigned,
	pass char(255),
	created_at datetime default current_timestamp,
	-- is_deleted bool -- SOFT DELETE
	-- deleted_at datetime -- DATE&TIME OF SOFT DELETE
	index(phone),
	index(email),
	index(name, surname)
);

drop table if exists messages;
create table messages(
	id serial primary key,
	from_user_id bigint unsigned not null,
	to_user_id bigint unsigned not null,
	body text,
	is_read bool default 0,
	created_at datetime default current_timestamp,
	foreign key (from_user_id) references users (id),
	foreign key (to_user_id) references users (id)
);

drop table if exists friend_request;
create table friend_requests(
-- id serial primary key,
	initiator_user_id bigint unsigned not null,
	target_user_id bigint unsigned not null,
	status enum ('requested', 'approved', 'unfriended', 'declined') default 'requested',
	requested_at datetime default now(),
	confirmed_at datetime default current_timestamp on update current_timestamp,
	primary key (initiator_user_id, target_user_id),
	foreign key (initiator_user_id) references users (id),
	foreign key (target_user_id) references users (id)
);

alter table friend_requests add index(initiator_user_id);

drop table if exists communities;
create table communities(
	id serial primary key,
	name varchar(150),
	index communities_name_idx (name)
);

-- группа | пользователи
-- 1        м
-- м        1

drop table if exists users_communities;
create table users_communities(
	user_id bigint unsigned not null,
	community_id bigint unsigned not null,
	is_admin bool default 0,
	primary key(user_id, community_id),
	foreign key (user_id) references users (id),
	foreign key (community_id) references communities (id)
);

drop table if exists posts;
create table posts(
	id serial primary key,
	user_id bigint unsigned not null,
	body text,
	metadata json,
	created_at datetime default now(),
	updated_at datetime default current_timestamp on update current_timestamp,
	foreign key (user_id) references users (id)
);

drop table if exists comments;
create table comments(
	id serial primary key,
	user_id bigint unsigned not null,
	post_id bigint unsigned not null,
	body text,
	created_at datetime default now(),
	updated_at datetime default current_timestamp on update current_timestamp,
	foreign key (user_id) references users (id),
	foreign key (post_id) references posts (id)
);

drop table if exists photos;
create table photos(
	id serial primary key,
	user_id bigint unsigned not null,
	description text,
	filename varchar(255),
	foreign key (user_id) references users (id)
);

drop table if exists type_content_like;
CREATE TABLE type_content_like (
	id int unsigned not null auto_increment primary key,
	id_photos int unsigned not null,
	id_users int unsigned not null,
	id_posts int unsigned not null
);

drop table if exists likes;
create table likes(
	id int unsigned not null auto_increment primary key,
	user_id int unsigned not null,
	id_type_content_like int unsigned not null, 
  	created_at datetime default now(),
	updated_at datetime default current_timestamp on update current_timestamp
);

-- ИМПОРТ ДАННЫХ ИЗ ГЕНЕРАТОРА mockaroo

-- users
insert into users (id, name, surname, email, phone, gender, birthday, hometown, photo_id, pass, created_at) values (1, 'Mil', 'Netley', 'mnetley0@stanford.edu', '128-432-5265', 'F', '1977-09-06', 'Dolice', 4, '9abf80467e5a8b72362ae61b178eda05d6174179f963b4d54bd0fc43b570a0f4', '2020-09-22 15:09:41');
insert into users (id, name, surname, email, phone, gender, birthday, hometown, photo_id, pass, created_at) values (2, 'Sonja', 'Mattheis', 'smattheis1@aboutads.info', '464-292-5697', 'F', '1989-03-18', 'Dinaig', 64, '219c9df60bfbc9b1f863ebf8307e7d1f30776fb549c4cabadff43b9f8fd27c19', '2020-09-22 11:33:56');
insert into users (id, name, surname, email, phone, gender, birthday, hometown, photo_id, pass, created_at) values (3, 'Susanna', 'Tysack', 'stysack2@ucoz.ru', '350-670-2064', 'F', '1970-09-11', 'Shnogh', 100, '0b7503db96948dee7b98c02f22287655ffe8669d14256cf252a212c369cea2c4', '2020-09-24 13:07:14');
insert into users (id, name, surname, email, phone, gender, birthday, hometown, photo_id, pass, created_at) values (4, 'Urbanus', 'Thurlby', 'uthurlby3@cmu.edu', '215-131-0952', 'M', '1978-01-05', 'Philadelphia', 49, '5ee954fb231f630d5218948e01dcf2215a36a8bd0a03722fae6b0e3cdd601316', '2020-09-24 18:38:49');
insert into users (id, name, surname, email, phone, gender, birthday, hometown, photo_id, pass, created_at) values (5, 'Kip', 'Drakes', 'kdrakes4@istockphoto.com', '151-540-6923', 'M', '1980-01-27', 'Elbasan', 82, 'fdd8bb6f038ce1e4f07d6bf0faef6e76c4d7fa7f0f9b50176638272d9f1a01a3', '2020-09-24 19:59:58');
insert into users (id, name, surname, email, phone, gender, birthday, hometown, photo_id, pass, created_at) values (6, 'Reginald', 'Brislan', 'rbrislan5@over-blog.com', '203-813-3610', 'M', '1984-08-28', 'Périgueux', 64, '7b5283df81d721e7bc9e4f4e1dd4c6eba617e9eb758e586e7b276bbce1e00e62', '2020-09-23 12:07:51');
insert into users (id, name, surname, email, phone, gender, birthday, hometown, photo_id, pass, created_at) values (7, 'Analise', 'McMeekin', 'amcmeekin6@house.gov', '238-107-0495', 'F', '1980-09-08', 'Huixian Chengguanzhen', 95, '7421df713d72dc558da7fa186ef56e41edf5013f5630fada2360219acd386156', '2020-09-22 12:42:05');
insert into users (id, name, surname, email, phone, gender, birthday, hometown, photo_id, pass, created_at) values (8, 'Jenelle', 'Zanassi', 'jzanassi7@cmu.edu', '912-221-5935', 'F', '1998-01-04', 'Sabbah', 26, 'edbe69e9e425e0b3c4662ffc1c01a4fba99d5af4d1cf06f4b290d008291f2419', '2020-09-23 08:50:04');
insert into users (id, name, surname, email, phone, gender, birthday, hometown, photo_id, pass, created_at) values (9, 'Joseito', 'Sedge', 'jsedge8@goo.ne.jp', '723-245-3539', 'M', '1987-04-05', 'Lyon', 22, 'e17d4d6d8a8cf57d7d57faaa462a1057058ac900bd79ccda0909d3babc28dd8c', '2020-09-23 03:31:43');
insert into users (id, name, surname, email, phone, gender, birthday, hometown, photo_id, pass, created_at) values (10, 'Khalil', 'Schubart', 'kschubart9@rakuten.co.jp', '135-470-7070', 'M', '1986-01-06', 'Jianrao', 30, '5147ea5665bfed4cfc740f99236883a17756b54d9bf1ebec8bb41410400c546c', '2020-09-23 18:56:38');
insert into users (id, name, surname, email, phone, gender, birthday, hometown, photo_id, pass, created_at) values (11, 'Zaneta', 'Mazzei', 'zmazzeia@pen.io', '571-534-6830', 'F', '1997-08-24', 'Wenceslau Braz', 41, '70130493e628bf9483858a8cbd254596b5b62e98896c93c4c8549383124c2489', '2020-09-24 22:48:16');
insert into users (id, name, surname, email, phone, gender, birthday, hometown, photo_id, pass, created_at) values (12, 'Donny', 'Batchelar', 'dbatchelarb@prlog.org', '506-516-5547', 'M', '1976-10-18', 'Xingzi', 37, '75f570c0bae0afca57c5aceb21703a8dddb0f9cf1b14fa0ce48eb088239555ba', '2020-09-22 02:05:18');
insert into users (id, name, surname, email, phone, gender, birthday, hometown, photo_id, pass, created_at) values (13, 'Leslie', 'Puckring', 'lpuckringc@xing.com', '365-963-5552', 'M', '1986-01-16', 'Oktyabr’sk', 47, '744dc9fe73d60eb599e426815922709602b14d136da7c9bbe6204960291921d4', '2020-09-23 00:28:19');
insert into users (id, name, surname, email, phone, gender, birthday, hometown, photo_id, pass, created_at) values (14, 'Arleyne', 'Shermar', 'ashermard@privacy.gov.au', '724-629-0161', 'F', '2000-02-10', 'Santol', 11, '826d7d22279ab101628a4f78c22143b6c54e626cdd7e8585b6ac1a1cf1b4b200', '2020-09-22 00:39:04');
insert into users (id, name, surname, email, phone, gender, birthday, hometown, photo_id, pass, created_at) values (15, 'Glennie', 'Klimpt', 'gklimpte@hp.com', '774-275-8659', 'F', '1975-05-31', 'Bungu', 61, '54cf23af04832a08fc4b6923161d6c4959577c9f5ad12db93de15e21de234144', '2020-09-24 20:47:34');
insert into users (id, name, surname, email, phone, gender, birthday, hometown, photo_id, pass, created_at) values (16, 'Cthrine', 'Gibbs', 'cgibbsf@ameblo.jp', '857-549-8529', 'F', '1976-10-29', 'Krajan Rowokangkung', 33, 'b37e2e60b0fbdec0eaa6d879a75b036c56e6a5e277422d9c61ff7f2403e140e4', '2020-09-22 21:26:01');
insert into users (id, name, surname, email, phone, gender, birthday, hometown, photo_id, pass, created_at) values (17, 'Philis', 'Patinkin', 'ppatinking@arizona.edu', '786-219-6181', 'F', '1991-01-30', 'Huolianpo', 84, '7d8aaef2f64919d4a6cd546df56fd8b89ea91f7316ed708e2d3e7a98cbf4c61e', '2020-09-24 21:43:40');
insert into users (id, name, surname, email, phone, gender, birthday, hometown, photo_id, pass, created_at) values (18, 'Hy', 'Bover', 'hboverh@qq.com', '592-826-3545', 'M', '1998-04-28', 'Cap Malheureux', 22, '93f6412d12bc840b4dfd55c603437a61b77f5cbbab7b5458df60121480b52629', '2020-09-22 13:17:51');
insert into users (id, name, surname, email, phone, gender, birthday, hometown, photo_id, pass, created_at) values (null, 'Percy', 'Reany', 'preanyi@nba.com', '304-338-7124', 'M', '1983-08-27', 'Colosó', 23, '26c7b0fdce1f7f9ce2d9c47a8fa6462d01e6f0e3735cbf4f07e946571e13c4ab', '2020-09-22 14:33:27');
insert into users (id, name, surname, email, phone, gender, birthday, hometown, photo_id, pass, created_at) values (20, 'Netty', 'O''Corhane', 'nocorhanej@nifty.com', '562-433-7758', 'F', '1997-08-05', 'Whittier', 90, '4298f0ad77658e5a2fe6abb85b928c1ce4a96eb7fb17bfc520514f3dd837ece5', '2020-09-23 10:01:20');
insert into users (id, name, surname, email, phone, gender, birthday, hometown, photo_id, pass, created_at) values (21, 'Jordana', 'Farish', 'jfarishk@mlb.com', '574-106-0278', 'F', '1984-05-31', 'Joaçaba', 34, '643f26a378ef48810b0560302bcb288f281f18dfb14989002f73938bc3a42313', '2020-09-24 20:18:19');
insert into users (id, name, surname, email, phone, gender, birthday, hometown, photo_id, pass, created_at) values (22, 'Lizabeth', 'Roan', 'lroanl@loc.gov', '734-684-8364', 'F', '1975-11-21', 'Detroit', 32, '7b4170c2463d22224e3f70aa2f8740365afd2b2ce7318b40e7eb9d6946f943dc', '2020-09-22 15:18:38');
insert into users (id, name, surname, email, phone, gender, birthday, hometown, photo_id, pass, created_at) values (23, 'Daryl', 'Squires', 'dsquiresm@google.com.hk', '778-664-5569', 'F', '1970-12-16', 'Luopioinen', 40, '8440d88ab1148908651fd8bc95377be2fc8c426a11abf69c49e03fb430b08bcf', '2020-09-23 00:11:16');
insert into users (id, name, surname, email, phone, gender, birthday, hometown, photo_id, pass, created_at) values (24, 'Duffie', 'Von Der Empten', 'dvonderemptenn@jigsy.com', '891-669-5172', 'M', '1984-03-23', 'Xinqiao', 13, 'd1b576693ac69f318479849121f865e4b7da530c7dad2ca377f72ce3a1becbc7', '2020-09-22 11:44:04');
insert into users (id, name, surname, email, phone, gender, birthday, hometown, photo_id, pass, created_at) values (25, 'Norry', 'Le Barre', 'nlebarreo@guardian.co.uk', '939-278-7615', 'M', '1970-01-15', 'Manacapuru', 65, '8fea07b9a65e262e9aa4b81eba3ddada1ac5acd3cc5037e797b6db240c1ab904', '2020-09-24 06:12:01');
insert into users (id, name, surname, email, phone, gender, birthday, hometown, photo_id, pass, created_at) values (26, 'Sylvester', 'Skaife d''Ingerthorpe', 'sskaifedingerthorpep@github.io', '965-765-0889', 'M', '1984-07-01', 'Sosnovyy Bor', 20, '83a653d73a75f0854b3812974bc8e6795b5a0dd7a3025c0be9eacf0cf8701956', '2020-09-24 14:50:55');
insert into users (id, name, surname, email, phone, gender, birthday, hometown, photo_id, pass, created_at) values (27, 'Albie', 'Hardson', 'ahardsonq@comsenz.com', '954-614-3717', 'M', '1980-04-06', 'Farriar', 92, 'abeb6fad07a3940528abf40e6620bf0735c59d697492620a3ecd6022de83ec30', '2020-09-24 07:55:34');
insert into users (id, name, surname, email, phone, gender, birthday, hometown, photo_id, pass, created_at) values (28, 'Skippie', 'Mayhead', 'smayheadr@virginia.edu', '309-831-2190', 'M', '1989-06-07', 'Hong Kong', 4, '156489bbe19b09e2d517ccc3c9ec8cc1faee9c84d146930ff64eed9cc959b170', '2020-09-23 03:46:24');
insert into users (id, name, surname, email, phone, gender, birthday, hometown, photo_id, pass, created_at) values (29, 'Eddie', 'Racher', 'erachers@ebay.com', '918-851-1447', 'M', '1984-08-28', 'Liuhuang', 66, 'fd8baa51f39b7917556d0bc22a6637ba79ebdb5be7dd9b1298812ec4366eeaa2', '2020-09-23 02:29:23');
insert into users (id, name, surname, email, phone, gender, birthday, hometown, photo_id, pass, created_at) values (30, 'Gian', 'Armatys', 'garmatyst@rediff.com', '342-276-2504', 'M', '2000-04-08', 'Levski', 65, '93b3150d3c4e45fe2022db234b0a6b0613ab71dcdd5ff5f53261d44140b9ecf4', '2020-09-22 12:56:50');
insert into users (id, name, surname, email, phone, gender, birthday, hometown, photo_id, pass, created_at) values (31, 'Robers', 'Jedrzejewicz', 'rjedrzejewiczu@washingtonpost.com', '412-725-3276', 'M', '2001-04-17', 'Pittsburgh', 4, '0c054f1a64eed324402d5a40a65baf662693d9c0a5f2c081795b1caf14b79b72', '2020-09-24 00:58:00');
insert into users (id, name, surname, email, phone, gender, birthday, hometown, photo_id, pass, created_at) values (32, 'Gabi', 'Neame', 'gneamev@dion.ne.jp', '918-312-7792', 'M', '1995-10-02', 'Fajã de Cima', 99, '4fc58ee3d8c07bf5ee867fcee4b5dd92b46bfa69cab1dbfabbf2c5b77bdf916c', '2020-09-24 13:52:43');
insert into users (id, name, surname, email, phone, gender, birthday, hometown, photo_id, pass, created_at) values (33, 'Ceil', 'Davana', 'cdavanaw@epa.gov', '993-589-1260', 'F', '1995-09-14', 'Garissa', 52, 'a476ec227dfc259121c6440ba3b6dfabe0672df21972ef5a226682792afbe6de', '2020-09-23 14:41:59');
insert into users (id, name, surname, email, phone, gender, birthday, hometown, photo_id, pass, created_at) values (34, 'Dagny', 'Richmont', 'drichmontx@acquirethisname.com', '111-459-4225', 'M', '1984-12-03', 'Bouillon', 43, '6d84c2c3d01ff5d32b87abe18f59e311dc3ece64cb33999fa946f96a8fb4e0d8', '2020-09-23 08:31:29');
insert into users (id, name, surname, email, phone, gender, birthday, hometown, photo_id, pass, created_at) values (35, 'Zollie', 'Cotgrave', 'zcotgravey@buzzfeed.com', '278-746-3427', 'M', '1995-11-25', 'Shaffa', 62, '9628916ddb0624293368bbea72a9d19de2459dda20ac32dd26442a9f8db731d0', '2020-09-23 11:08:23');
insert into users (id, name, surname, email, phone, gender, birthday, hometown, photo_id, pass, created_at) values (36, 'Filbert', 'Basillon', 'fbasillonz@baidu.com', '520-461-8557', 'M', '1984-11-13', 'Khon Buri', 40, '2802a1ef8ef4d1ffafae0dff17ed62d97c5637619c7b96c090a1cb4b8a41a6de', '2020-09-23 09:35:15');
insert into users (id, name, surname, email, phone, gender, birthday, hometown, photo_id, pass, created_at) values (37, 'Zebadiah', 'Carnduff', 'zcarnduff10@cargocollective.com', '848-358-3796', 'M', '1976-10-20', 'Lazo', 89, '766d3e55b8ba136c310831725228d37d19f83d9960baa0fc3dd631ad4f6bd1a7', '2020-09-22 04:18:52');
insert into users (id, name, surname, email, phone, gender, birthday, hometown, photo_id, pass, created_at) values (38, 'Margaretta', 'Pesterfield', 'mpesterfield11@utexas.edu', '445-885-7903', 'F', '1985-12-26', 'Askainen', 37, '4dd024cd59b8886ee55c9de6371fe3e60e334288e94d2c521f61316fb5dd301f', '2020-09-24 18:47:48');
insert into users (id, name, surname, email, phone, gender, birthday, hometown, photo_id, pass, created_at) values (39, 'Damiano', 'Haysman', 'dhaysman12@sbwire.com', '349-152-8933', 'M', '1977-05-16', 'Saint-Pierre-des-Corps', 26, 'f95d6cfc28643519931e26b98b1fdb46b2b4f831f776ef1cf33cb0e89adde8ee', '2020-09-23 16:54:55');
insert into users (id, name, surname, email, phone, gender, birthday, hometown, photo_id, pass, created_at) values (40, 'Gerrie', 'Le Provost', 'gleprovost13@wix.com', '871-780-3715', 'F', '1979-11-17', 'Ollachea', 10, 'ccab3658d83439d1903fd0c5fbeeb5c48200d1ff295251df33138868e492849a', '2020-09-24 20:46:59');
insert into users (id, name, surname, email, phone, gender, birthday, hometown, photo_id, pass, created_at) values (41, 'Porter', 'Lewzey', 'plewzey14@sphinn.com', '921-160-6993', 'M', '1976-08-10', 'Söderköping', 17, '41bfc3dc6edfe741f320aba00ef92101f7148104e768dad8a586b0ff85cc685d', '2020-09-24 08:30:02');
insert into users (id, name, surname, email, phone, gender, birthday, hometown, photo_id, pass, created_at) values (42, 'Mickey', 'Moorey', 'mmoorey15@comsenz.com', '133-792-2058', 'M', '1982-08-12', 'Simao', 8, '7044b9f6b83c587cd6347df057f8fb0d11dbca3fad21fb93ac8e75ef65bd5710', '2020-09-24 13:17:17');
insert into users (id, name, surname, email, phone, gender, birthday, hometown, photo_id, pass, created_at) values (43, 'Brock', 'Kopec', 'bkopec16@phpbb.com', '827-517-5258', 'M', '1983-02-20', 'Pagelaran', 15, '6961709655627274f6f11f45b692b8d806214d4f67fb4bdcd4e580cbe0278b84', '2020-09-22 03:55:10');
insert into users (id, name, surname, email, phone, gender, birthday, hometown, photo_id, pass, created_at) values (null, 'Kessiah', 'Turri', 'kturri17@irs.gov', '226-956-7972', 'F', '1989-11-27', 'Osieczna', 27, '6d602cf0730ceea6f0d628ea378f5764d7b1c7692cd9714b6c290ca68638c84f', '2020-09-22 10:25:38');
insert into users (id, name, surname, email, phone, gender, birthday, hometown, photo_id, pass, created_at) values (45, 'Des', 'Wohler', 'dwohler18@google.de', '391-462-0563', 'M', '2000-09-14', 'Zebrzydowice', 101, '54135af033ecda4e8f16aca3792c6f5a0e7f2fb12bbe24c65ac278ffbdb2f4b2', '2020-09-23 06:22:00');
insert into users (id, name, surname, email, phone, gender, birthday, hometown, photo_id, pass, created_at) values (46, 'Olly', 'Budnik', 'obudnik19@comcast.net', '908-629-1538', 'M', '1982-10-19', 'Xinzhan', 2, '6694162c581e7ef7468bfca4d2a6c1e141938601eb120b01310432a69be9a384', '2020-09-23 09:23:17');
insert into users (id, name, surname, email, phone, gender, birthday, hometown, photo_id, pass, created_at) values (47, 'Rhodie', 'Marritt', 'rmarritt1a@narod.ru', '759-831-3933', 'F', '1986-08-23', 'Codajás', 101, 'cae85b549114654bff7fb888c26dfb238668108c5c9dd104651de15a261b6b2c', '2020-09-24 10:01:29');
insert into users (id, name, surname, email, phone, gender, birthday, hometown, photo_id, pass, created_at) values (48, 'Preston', 'Turvey', 'pturvey1b@bbb.org', '860-443-2533', 'M', '1992-07-31', 'Shuangta', 37, 'ec99b608b37bdbbc2cb7e11fe977729127dff29cfad84457e57731adc3261838', '2020-09-22 10:21:20');
insert into users (id, name, surname, email, phone, gender, birthday, hometown, photo_id, pass, created_at) values (49, 'Vladamir', 'Avrahamoff', 'vavrahamoff1c@youtube.com', '512-229-4670', 'M', '1970-11-07', 'Bromma', 47, '3493f78ab013b46739e2aa9bcded0e903d288a41080c65729ff9cdefd8cefe6d', '2020-09-24 05:56:23');
insert into users (id, name, surname, email, phone, gender, birthday, hometown, photo_id, pass, created_at) values (50, 'Waite', 'Spalton', 'wspalton1d@oakley.com', '582-616-7892', 'M', '2000-04-12', 'Karanyowka', 79, 'b231bc7f7cade404dd6673cd4ffe593efda5502d4ecea9f52416c1076a59244b', '2020-09-23 07:42:44');
insert into users (id, name, surname, email, phone, gender, birthday, hometown, photo_id, pass, created_at) values (51, 'Piotr', 'Derges', 'pderges1e@smh.com.au', '589-130-2774', 'M', '2002-08-21', 'Ресен', 2, '890a6f3d48a8989515ca98fabb36c96705207bf8a48ffb1d2fe9b0b86c9440c1', '2020-09-22 11:36:50');
insert into users (id, name, surname, email, phone, gender, birthday, hometown, photo_id, pass, created_at) values (52, 'Fairlie', 'Jerrom', 'fjerrom1f@oakley.com', '199-394-1164', 'M', '1991-09-02', 'Dresden', 41, '161d828fa8a82b044a244a0e9775af83161ed1b44018f4ed81a79206c6092345', '2020-09-24 07:06:59');
insert into users (id, name, surname, email, phone, gender, birthday, hometown, photo_id, pass, created_at) values (53, 'Eduino', 'Luna', 'eluna1g@free.fr', '746-938-8910', 'M', '1978-10-13', 'Gweru', 22, '93989a9b94e9794362a43e591cb364ec1b351db6362ba20c2dcaea6dd412b16a', '2020-09-22 11:33:15');
insert into users (id, name, surname, email, phone, gender, birthday, hometown, photo_id, pass, created_at) values (54, 'Petronilla', 'Parrish', 'pparrish1h@studiopress.com', '397-285-1340', 'F', '1971-07-03', 'Kamigyō-ku', 23, 'a636707f66cd83744485ee96a40b50df73a148b0b1fb1db7bc0ad05286477e82', '2020-09-24 17:01:44');
insert into users (id, name, surname, email, phone, gender, birthday, hometown, photo_id, pass, created_at) values (55, 'Kellyann', 'Scrogges', 'kscrogges1i@ocn.ne.jp', '515-637-2761', 'F', '1988-12-02', 'Villa Ángela', 11, '7e025b52cd099840745d4afd4b18f397772a1135c3683240510710e6417bc6b7', '2020-09-22 03:54:25');
insert into users (id, name, surname, email, phone, gender, birthday, hometown, photo_id, pass, created_at) values (56, 'Marlie', 'Nesbit', 'mnesbit1j@hugedomains.com', '577-802-9828', 'F', '1982-04-24', 'Mizoch', 85, '1b4fdf2a554cd6d766f6ecdc37ebfe919bbaedad290e2e795c691d261ff9ac42', '2020-09-23 23:40:30');
insert into users (id, name, surname, email, phone, gender, birthday, hometown, photo_id, pass, created_at) values (57, 'Aprilette', 'Nugent', 'anugent1k@go.com', '905-748-4069', 'F', '1989-09-23', 'Trollhättan', 15, 'e987e679fac45a2b2b91e5496627a4d04983d4df5bb4e0cf48393686843cf365', '2020-09-24 09:09:13');
insert into users (id, name, surname, email, phone, gender, birthday, hometown, photo_id, pass, created_at) values (58, 'Kev', 'Fooks', 'kfooks1l@state.gov', '522-391-5213', 'M', '1986-12-03', 'Paris 17', 32, '286848b11b0c8e30db21c1fea536746ea98ba078b9b9dabacddb964ebd53aae6', '2020-09-24 02:01:16');
insert into users (id, name, surname, email, phone, gender, birthday, hometown, photo_id, pass, created_at) values (59, 'Gilberte', 'Winterburn', 'gwinterburn1m@mayoclinic.com', '600-884-6957', 'F', '1986-10-01', 'Mufushan', 11, 'd8f28a43447e0f54cbf7177e37ee3415db93db01306ba46d3099c48b4be2c474', '2020-09-23 22:26:33');
insert into users (id, name, surname, email, phone, gender, birthday, hometown, photo_id, pass, created_at) values (60, 'Tiphanie', 'Vasyanin', 'tvasyanin1n@moonfruit.com', '859-134-5388', 'F', '1985-09-18', 'Duanjia', 59, '92e6641743f21be30094faf8b7290c90b5d307c81e372a9b49171778831e18fc', '2020-09-22 15:01:08');
insert into users (id, name, surname, email, phone, gender, birthday, hometown, photo_id, pass, created_at) values (61, 'Barbabra', 'Caveau', 'bcaveau1o@bbb.org', '453-941-0406', 'F', '1995-11-04', 'Três de Maio', 1, '333c628860e67360775a6e2c37d0068a64d03e01b58c185f530dcb15d40212ba', '2020-09-23 06:16:35');
insert into users (id, name, surname, email, phone, gender, birthday, hometown, photo_id, pass, created_at) values (62, 'Lisbeth', 'Bossel', 'lbossel1p@drupal.org', '577-440-2201', 'F', '1971-08-04', 'Hvar', 54, 'f766abe5ae84540fd476a1438341c4cfbd1cdf78c021e5403971595f07aeefb5', '2020-09-22 06:39:04');
insert into users (id, name, surname, email, phone, gender, birthday, hometown, photo_id, pass, created_at) values (63, 'Neal', 'Rastrick', 'nrastrick1q@domainmarket.com', '721-397-8595', 'M', '1974-08-05', 'Judita', 90, 'fbe5a5538eac9e10168fb822721f4c9086c373b006b069c98b84dd754dbdd15a', '2020-09-23 03:45:30');
insert into users (id, name, surname, email, phone, gender, birthday, hometown, photo_id, pass, created_at) values (64, 'Lona', 'Kingsman', 'lkingsman1r@buzzfeed.com', '126-949-5599', 'F', '1989-06-03', 'Huifa', 21, 'e287dd7d672ddb748467e70d60ca8def60532e31d2a8b01d47831d3078b47b66', '2020-09-23 17:51:06');
insert into users (id, name, surname, email, phone, gender, birthday, hometown, photo_id, pass, created_at) values (65, 'Edgardo', 'Coldbreath', 'ecoldbreath1s@plala.or.jp', '410-684-6386', 'M', '1984-01-03', 'Shipu', 94, '061b1b7b5faa2ec57bfb48d366e04cf762e6f6f5de57b853c73649f0701d7725', '2020-09-23 13:25:38');
insert into users (id, name, surname, email, phone, gender, birthday, hometown, photo_id, pass, created_at) values (66, 'Robbie', 'Menat', 'rmenat1t@wix.com', '773-407-3327', 'M', '1986-10-13', 'Khueang Nai', 37, 'c411b0da5dbcb746319499d2e362ce42bc9fb0a10fb2be3f93737608d4183b06', '2020-09-24 20:38:13');
insert into users (id, name, surname, email, phone, gender, birthday, hometown, photo_id, pass, created_at) values (67, 'Graehme', 'Mullen', 'gmullen1u@chron.com', '711-731-9907', 'M', '2001-12-05', 'Lüfeng', 37, 'ba5cde52e5cf484edc63a9271f755a77d1008eade85aa37f9fb65db7f722da58', '2020-09-23 20:11:05');
insert into users (id, name, surname, email, phone, gender, birthday, hometown, photo_id, pass, created_at) values (68, 'Gaile', 'Curedale', 'gcuredale1v@nsw.gov.au', '999-474-4101', 'M', '1973-01-29', 'Arraial do Cabo', 27, '8f7974f060f4dc0dd876ec0a71089dd665e48e43228005efc263bdbae8e18337', '2020-09-24 23:10:41');
insert into users (id, name, surname, email, phone, gender, birthday, hometown, photo_id, pass, created_at) values (69, 'Frederick', 'Chaudrelle', 'fchaudrelle1w@fema.gov', '846-866-0242', 'M', '1975-01-01', 'Jumpangdua', 33, '3c9483c58c9d6d957788a5f987b8743a2315424c2dac7a79fe8016166b7f696a', '2020-09-23 06:49:38');
insert into users (id, name, surname, email, phone, gender, birthday, hometown, photo_id, pass, created_at) values (70, 'Edsel', 'Le Brum', 'elebrum1x@linkedin.com', '140-187-7679', 'M', '1997-01-31', 'Leixlip', 67, 'a20c611271028788552ac0a83e0d0244d006097c3cf24887767c375abe2628ea', '2020-09-22 05:41:29');
insert into users (id, name, surname, email, phone, gender, birthday, hometown, photo_id, pass, created_at) values (71, 'Arlee', 'Tomaszczyk', 'atomaszczyk1y@globo.com', '535-630-0687', 'F', '1991-08-27', 'Lebak', 30, '194abce14fe853ca47b46d6653904a6c4b672482fa7f9b93cdcd05ab0e7331a5', '2020-09-22 05:36:24');
insert into users (id, name, surname, email, phone, gender, birthday, hometown, photo_id, pass, created_at) values (72, 'Vinny', 'Sanney', 'vsanney1z@cargocollective.com', '831-166-9233', 'F', '1997-10-03', 'Ziębice', 38, 'fe588dd340d7b655dbe1b849512d98ba4db8f89788903b5d2d689ccfc3166b42', '2020-09-23 18:06:54');
insert into users (id, name, surname, email, phone, gender, birthday, hometown, photo_id, pass, created_at) values (73, 'Persis', 'Boothman', 'pboothman20@surveymonkey.com', '140-801-2415', 'F', '1983-04-22', 'Nakajah', 35, 'de9d35efeba3af9daa4fd469429828b428063fb59505fd88a7a117f53f485c0a', '2020-09-22 15:02:12');
insert into users (id, name, surname, email, phone, gender, birthday, hometown, photo_id, pass, created_at) values (74, 'Fitzgerald', 'Josef', 'fjosef21@utexas.edu', '889-432-5053', 'M', '1973-08-14', 'Bibai', 32, '70a2bc0f91a692e08feb735d54c014985385dde8a10b6db767bbfa5fef2b4956', '2020-09-23 01:32:14');
insert into users (id, name, surname, email, phone, gender, birthday, hometown, photo_id, pass, created_at) values (75, 'Madelon', 'Fulop', 'mfulop22@omniture.com', '483-396-7563', 'F', '1999-09-26', 'Wŏnsan', 3, 'cf302ba87133a7a37224d7d3e28cc9ff90cf798c6284a51730a6248af02d45f4', '2020-09-24 18:18:26');
insert into users (id, name, surname, email, phone, gender, birthday, hometown, photo_id, pass, created_at) values (76, 'Gabby', 'Kearton', 'gkearton23@google.ca', '735-118-7173', 'M', '1982-10-26', 'Fairview', 49, '2f0a9f3e9a4f306480fb34d81aa295777893ac30ba9eb1ff91f8a1f950d83b0e', '2020-09-23 18:50:56');
insert into users (id, name, surname, email, phone, gender, birthday, hometown, photo_id, pass, created_at) values (77, 'Bradford', 'Blancowe', 'bblancowe24@posterous.com', '323-313-0395', 'M', '1995-09-29', 'Calaba', 74, 'b7218609f3e22d2fed480f659d6d9c29b501f10f3aedd20b36b6bcc17cb8da7f', '2020-09-24 22:28:33');
insert into users (id, name, surname, email, phone, gender, birthday, hometown, photo_id, pass, created_at) values (78, 'Immanuel', 'Sawers', 'isawers25@naver.com', '202-227-8877', 'M', '1992-12-18', 'Marādah', 26, 'e7725e317d1dff8ebe8084a6058dc8115963ea214364545398aadfb7384cb18e', '2020-09-22 01:55:01');
insert into users (id, name, surname, email, phone, gender, birthday, hometown, photo_id, pass, created_at) values (79, 'Winifield', 'Downs', 'wdowns26@lulu.com', '179-103-4107', 'M', '1994-05-11', 'Youxi Chengguanzhen', 91, 'a38176603bd1f8ddfee7d53e41b0ed9fc6748e285a22b8ab298dd7406a68fcfa', '2020-09-22 22:00:33');
insert into users (id, name, surname, email, phone, gender, birthday, hometown, photo_id, pass, created_at) values (80, 'Teddie', 'Lawrey', 'tlawrey27@huffingtonpost.com', '827-501-4344', 'F', '1989-10-01', 'Yamen', 29, '8217737d6c898667d62b9cf3b2f83a07d8afd1bb35717ba11213af6341abc957', '2020-09-23 03:44:53');
insert into users (id, name, surname, email, phone, gender, birthday, hometown, photo_id, pass, created_at) values (81, 'Corbin', 'Itzhaki', 'citzhaki28@drupal.org', '657-113-7187', 'M', '1993-01-17', 'Maofan', 97, '17634b1783eefad3e1c0d41a0d5d16b8e48978e64eb1369ddf3c5bb2c1555315', '2020-09-24 15:38:33');
insert into users (id, name, surname, email, phone, gender, birthday, hometown, photo_id, pass, created_at) values (82, 'Ad', 'Stanmore', 'astanmore29@naver.com', '964-769-9016', 'M', '1980-02-18', 'Chisec', 90, 'f46a94016588df3e6263af5b2bda4f93c323d9ab2eb3a38221ed4785504d926d', '2020-09-23 20:01:45');
insert into users (id, name, surname, email, phone, gender, birthday, hometown, photo_id, pass, created_at) values (83, 'Florette', 'Hek', 'fhek2a@nifty.com', '230-781-1766', 'F', '1972-07-30', 'Muroto-misakicho', 35, '958be439372ca68ca80b9d53a48b1db1669d35ad40a434c547eef3c2b361c777', '2020-09-22 21:40:00');
insert into users (id, name, surname, email, phone, gender, birthday, hometown, photo_id, pass, created_at) values (84, 'Teddy', 'Wessel', 'twessel2b@huffingtonpost.com', '700-685-7823', 'F', '1987-04-01', 'Shuangfeng', 80, 'c11f690d56b59b55686fbb7ad6cfd3bdf94e3f9600ddcb3994a31c2e1c14bca8', '2020-09-22 02:14:25');
insert into users (id, name, surname, email, phone, gender, birthday, hometown, photo_id, pass, created_at) values (85, 'Ab', 'Warrick', 'awarrick2c@timesonline.co.uk', '297-976-9535', 'M', '2002-01-15', 'Rzozów', 68, '2be809adc529d7f72be8381c960b3cd4dd2445d0f4a1aa71310333e644c5679f', '2020-09-23 17:27:14');
insert into users (id, name, surname, email, phone, gender, birthday, hometown, photo_id, pass, created_at) values (86, 'Hilary', 'Connock', 'hconnock2d@mac.com', '782-859-3703', 'F', '2000-07-02', 'Bilajer', 80, '59e5a73d00c859407d0e4759be159b53eb40dfb7c4654257854ebcb1a575f7fd', '2020-09-23 15:05:25');
insert into users (id, name, surname, email, phone, gender, birthday, hometown, photo_id, pass, created_at) values (87, 'Valerie', 'Worthington', 'vworthington2e@hugedomains.com', '943-555-0826', 'F', '1990-08-27', 'Kafyr-Kumukh', 96, '6a11aced64d2ba1ba24f5fd6a619f8c7372720ab02ab942c5f2522d9e308b255', '2020-09-24 17:15:56');
insert into users (id, name, surname, email, phone, gender, birthday, hometown, photo_id, pass, created_at) values (88, 'Selena', 'Meineck', 'smeineck2f@ezinearticles.com', '819-399-0263', 'F', '1991-09-07', 'Kopen', 85, '435622b591a75cec94ea7182cccaaa54dd40fae06298bb6c5b2f14891360c23d', '2020-09-23 17:24:41');
insert into users (id, name, surname, email, phone, gender, birthday, hometown, photo_id, pass, created_at) values (89, 'Dot', 'Henrionot', 'dhenrionot2g@scribd.com', '475-598-8841', 'F', '2001-08-05', 'Zhosaly', 15, 'ea6274416ba85ba5b5400c48d46d2e40591d11766680eee7f1a8d29140100bc0', '2020-09-23 23:12:56');
insert into users (id, name, surname, email, phone, gender, birthday, hometown, photo_id, pass, created_at) values (90, 'Perice', 'Tipple', 'ptipple2h@is.gd', '827-954-7113', 'M', '1996-05-30', 'Zapolyarnyy', 62, '6d7bd4a3c25a35d3cff0f53fffafbf3cfc393d1b34def9ad774544444a29e4fa', '2020-09-24 00:32:44');
insert into users (id, name, surname, email, phone, gender, birthday, hometown, photo_id, pass, created_at) values (91, 'Aguste', 'Fairham', 'afairham2i@ameblo.jp', '201-630-9802', 'M', '1975-09-17', 'Lac-Brome', 16, 'bb5c8f6b91fb506b6f4168f6cae3974c96d78ed836013b9af07b0ecf4c6fa2cc', '2020-09-23 18:18:45');
insert into users (id, name, surname, email, phone, gender, birthday, hometown, photo_id, pass, created_at) values (92, 'Ilene', 'Paddison', 'ipaddison2j@noaa.gov', '288-608-1518', 'F', '1987-03-13', 'Kořenov', 53, '879e5b50b356678d130384674da7b7e546fe6d867520947026772834f2d768c5', '2020-09-24 16:10:58');
insert into users (id, name, surname, email, phone, gender, birthday, hometown, photo_id, pass, created_at) values (93, 'Tommy', 'Trevaskis', 'ttrevaskis2k@wp.com', '811-501-8729', 'M', '1992-09-23', 'Krinichnaya', 101, 'caa668e6cb25df080bf5deb3ea022649919e4da0592cc2c23f1f4d1583ec9735', '2020-09-23 18:18:14');
insert into users (id, name, surname, email, phone, gender, birthday, hometown, photo_id, pass, created_at) values (94, 'Letti', 'Ehrat', 'lehrat2l@hostgator.com', '203-110-9765', 'F', '1982-08-16', 'New Haven', 79, '08e9ad900bec1d6f30892a073822adb079a2ebf01df9284d5e9f824353714867', '2020-09-22 10:57:56');
insert into users (id, name, surname, email, phone, gender, birthday, hometown, photo_id, pass, created_at) values (95, 'Andrus', 'Tustin', 'atustin2m@unc.edu', '900-151-5835', 'M', '1995-10-04', 'Shangshuai', 27, '6ba043c02ae96841ef66100edcb5dfca3147d7b450a30c1e7f8d8d3457a3097e', '2020-09-23 03:11:56');
insert into users (id, name, surname, email, phone, gender, birthday, hometown, photo_id, pass, created_at) values (96, 'Esra', 'Avramchik', 'eavramchik2n@toplist.cz', '415-480-2722', 'M', '1995-03-02', 'Mizdah', 52, 'e564e616ec205e409c519482b522a7957978339190510f614ec1cfdfe71a83f3', '2020-09-22 20:58:29');
insert into users (id, name, surname, email, phone, gender, birthday, hometown, photo_id, pass, created_at) values (97, 'Stella', 'St Ange', 'sstange2o@multiply.com', '853-324-0604', 'F', '2001-07-23', 'Kebunkelapa', 48, '19e3e14a71ca69542164e973780b445f3e9a6e6e9df76187c257c090b844b218', '2020-09-23 02:00:40');
insert into users (id, name, surname, email, phone, gender, birthday, hometown, photo_id, pass, created_at) values (98, 'Glenden', 'Tunnoch', 'gtunnoch2p@wikipedia.org', '992-851-3006', 'M', '1972-09-13', 'Lérida', 73, '8942240be835a24f2777e64fcc809878e1eee5ff8d3fb313b166ae7fc57af069', '2020-09-24 09:57:01');
insert into users (id, name, surname, email, phone, gender, birthday, hometown, photo_id, pass, created_at) values (99, 'Bentley', 'Gatus', 'bgatus2q@yale.edu', '791-829-1187', 'M', '1999-01-25', 'Las Vegas', 40, '2c594878b05eefdb063fff607c4ff26b0f9478d98175fe08f9d886c43d771018', '2020-09-22 06:24:06');
insert into users (id, name, surname, email, phone, gender, birthday, hometown, photo_id, pass, created_at) values (100, 'Frederick', 'Ship', 'fship2r@163.com', '408-702-5368', 'M', '1990-06-07', 'Liukou', 40, 'bd4a7c722d486747ab5aa74beb37b3a4ac2f36cbed3ca3899528ef26cb1919f3', '2020-09-22 09:50:47');
insert into users (id, name, surname, email, phone, gender, birthday, hometown, photo_id, pass, created_at) values (101, 'Callie', 'Sauven', 'csauven2s@google.com', '409-148-9211', 'F', '1975-06-18', 'Conchal', 33, 'c01759cef05ed98aeddade16f07c07a9eb65da2f198e8c64264edc585a8a26d9', '2020-09-22 23:10:27');


-- messages
insert into messages (id, from_user_id, to_user_id, body, is_read, created_at) values (1, 65, 1, 'Donec ut dolor. Morbi vel lectus in quam fringilla rhoncus.', false, '2020-09-25 21:48:14');
insert into messages (id, from_user_id, to_user_id, body, is_read, created_at) values (2, 92, 48, 'Donec vitae nisi. Nam ultrices, libero non mattis pulvinar, nulla pede ullamcorper augue, a suscipit nulla elit ac nulla. Sed vel enim sit amet nunc viverra dapibus.', false, '2020-09-25 15:53:49');
insert into messages (id, from_user_id, to_user_id, body, is_read, created_at) values (3, 55, 88, 'Mauris enim leo, rhoncus sed, vestibulum sit amet, cursus id, turpis.', false, '2020-09-25 04:18:53');
insert into messages (id, from_user_id, to_user_id, body, is_read, created_at) values (4, 82, 55, 'Morbi porttitor lorem id ligula.', false, '2020-09-25 16:53:36');
insert into messages (id, from_user_id, to_user_id, body, is_read, created_at) values (5, 25, 83, 'Sed ante.', true, '2020-09-25 02:40:23');
insert into messages (id, from_user_id, to_user_id, body, is_read, created_at) values (6, 3, 68, 'Etiam faucibus cursus urna. Ut tellus.', false, '2020-09-25 03:20:13');
insert into messages (id, from_user_id, to_user_id, body, is_read, created_at) values (7, 52, 98, 'Integer non velit.', false, '2020-09-25 11:17:55');
insert into messages (id, from_user_id, to_user_id, body, is_read, created_at) values (8, 98, 15, 'Nunc nisl. Duis bibendum, felis sed interdum venenatis, turpis enim blandit mi, in porttitor pede justo eu massa.', true, '2020-09-25 16:53:54');
insert into messages (id, from_user_id, to_user_id, body, is_read, created_at) values (9, 79, 31, 'Cras non velit nec nisi vulputate nonummy. Maecenas tincidunt lacus at velit.', false, '2020-09-25 20:38:46');
insert into messages (id, from_user_id, to_user_id, body, is_read, created_at) values (10, 94, 96, 'Vivamus metus arcu, adipiscing molestie, hendrerit at, vulputate vitae, nisl. Aenean lectus.', true, '2020-09-25 18:13:31');
insert into messages (id, from_user_id, to_user_id, body, is_read, created_at) values (11, 25, 13, 'Aliquam sit amet diam in magna bibendum imperdiet. Nullam orci pede, venenatis non, sodales sed, tincidunt eu, felis.', true, '2020-09-25 00:09:00');
insert into messages (id, from_user_id, to_user_id, body, is_read, created_at) values (12, 59, 75, 'Donec vitae nisi. Nam ultrices, libero non mattis pulvinar, nulla pede ullamcorper augue, a suscipit nulla elit ac nulla. Sed vel enim sit amet nunc viverra dapibus.', false, '2020-09-25 08:10:06');
insert into messages (id, from_user_id, to_user_id, body, is_read, created_at) values (13, 97, 60, 'Nulla neque libero, convallis eget, eleifend luctus, ultricies eu, nibh. Quisque id justo sit amet sapien dignissim vestibulum. Vestibulum ante ipsum primis in faucibus orci luctus et ultrices posuere cubilia Curae; Nulla dapibus dolor vel est.', true, '2020-09-25 18:06:22');
insert into messages (id, from_user_id, to_user_id, body, is_read, created_at) values (14, 98, 58, 'In sagittis dui vel nisl. Duis ac nibh.', false, '2020-09-25 01:22:42');
insert into messages (id, from_user_id, to_user_id, body, is_read, created_at) values (15, 97, 71, 'Praesent id massa id nisl venenatis lacinia. Aenean sit amet justo. Morbi ut odio.', false, '2020-09-25 12:02:15');
insert into messages (id, from_user_id, to_user_id, body, is_read, created_at) values (16, 68, 42, 'In tempor, turpis nec euismod scelerisque, quam turpis adipiscing lorem, vitae mattis nibh ligula nec sem.', false, '2020-09-25 04:07:47');
insert into messages (id, from_user_id, to_user_id, body, is_read, created_at) values (17, 65, 75, 'Donec ut mauris eget massa tempor convallis. Nulla neque libero, convallis eget, eleifend luctus, ultricies eu, nibh.', false, '2020-09-25 02:47:39');
insert into messages (id, from_user_id, to_user_id, body, is_read, created_at) values (18, 63, 19, 'Nam tristique tortor eu pede.', true, '2020-09-25 08:18:16');
insert into messages (id, from_user_id, to_user_id, body, is_read, created_at) values (19, 56, 87, 'Praesent blandit.', true, '2020-09-25 07:55:30');
insert into messages (id, from_user_id, to_user_id, body, is_read, created_at) values (20, 85, 88, 'Curabitur gravida nisi at nibh. In hac habitasse platea dictumst. Aliquam augue quam, sollicitudin vitae, consectetuer eget, rutrum at, lorem.', true, '2020-09-25 16:13:46');
insert into messages (id, from_user_id, to_user_id, body, is_read, created_at) values (21, 71, 70, 'Mauris lacinia sapien quis libero. Nullam sit amet turpis elementum ligula vehicula consequat.', true, '2020-09-25 07:15:37');
insert into messages (id, from_user_id, to_user_id, body, is_read, created_at) values (22, 40, 47, 'Praesent blandit. Nam nulla. Integer pede justo, lacinia eget, tincidunt eget, tempus vel, pede.', false, '2020-09-25 19:55:25');
insert into messages (id, from_user_id, to_user_id, body, is_read, created_at) values (23, 59, 41, 'Nam nulla. Integer pede justo, lacinia eget, tincidunt eget, tempus vel, pede.', true, '2020-09-25 13:29:17');
insert into messages (id, from_user_id, to_user_id, body, is_read, created_at) values (24, 72, 13, 'Morbi quis tortor id nulla ultrices aliquet. Maecenas leo odio, condimentum id, luctus nec, molestie sed, justo.', true, '2020-09-25 08:16:03');
insert into messages (id, from_user_id, to_user_id, body, is_read, created_at) values (25, 1, 85, 'Vivamus in felis eu sapien cursus vestibulum.', false, '2020-09-25 16:37:57');
insert into messages (id, from_user_id, to_user_id, body, is_read, created_at) values (26, 101, 41, 'Vestibulum ante ipsum primis in faucibus orci luctus et ultrices posuere cubilia Curae; Nulla dapibus dolor vel est.', true, '2020-09-25 00:07:41');
insert into messages (id, from_user_id, to_user_id, body, is_read, created_at) values (27, 87, 11, 'Morbi vestibulum, velit id pretium iaculis, diam erat fermentum justo, nec condimentum neque sapien placerat ante. Nulla justo. Aliquam quis turpis eget elit sodales scelerisque.', true, '2020-09-25 19:31:18');
insert into messages (id, from_user_id, to_user_id, body, is_read, created_at) values (28, 24, 36, 'Mauris enim leo, rhoncus sed, vestibulum sit amet, cursus id, turpis. Integer aliquet, massa id lobortis convallis, tortor risus dapibus augue, vel accumsan tellus nisi eu orci.', false, '2020-09-25 11:20:27');
insert into messages (id, from_user_id, to_user_id, body, is_read, created_at) values (29, 62, 9, 'Vestibulum ante ipsum primis in faucibus orci luctus et ultrices posuere cubilia Curae; Duis faucibus accumsan odio.', false, '2020-09-25 14:24:18');
insert into messages (id, from_user_id, to_user_id, body, is_read, created_at) values (30, 66, 34, 'In hac habitasse platea dictumst. Maecenas ut massa quis augue luctus tincidunt.', true, '2020-09-25 08:50:19');
insert into messages (id, from_user_id, to_user_id, body, is_read, created_at) values (31, 49, 90, 'Ut at dolor quis odio consequat varius. Integer ac leo.', true, '2020-09-25 01:15:16');
insert into messages (id, from_user_id, to_user_id, body, is_read, created_at) values (32, 13, 44, 'Sed vel enim sit amet nunc viverra dapibus. Nulla suscipit ligula in lacus. Curabitur at ipsum ac tellus semper interdum.', true, '2020-09-25 04:16:25');
insert into messages (id, from_user_id, to_user_id, body, is_read, created_at) values (33, 91, 79, 'Duis at velit eu est congue elementum. In hac habitasse platea dictumst.', false, '2020-09-25 22:38:38');
insert into messages (id, from_user_id, to_user_id, body, is_read, created_at) values (34, 80, 86, 'Duis aliquam convallis nunc. Proin at turpis a pede posuere nonummy.', false, '2020-09-25 04:01:41');
insert into messages (id, from_user_id, to_user_id, body, is_read, created_at) values (35, 31, 96, 'Duis aliquam convallis nunc. Proin at turpis a pede posuere nonummy.', false, '2020-09-25 16:35:29');
insert into messages (id, from_user_id, to_user_id, body, is_read, created_at) values (36, 84, 68, 'Integer ac leo. Pellentesque ultrices mattis odio. Donec vitae nisi.', false, '2020-09-25 07:06:43');
insert into messages (id, from_user_id, to_user_id, body, is_read, created_at) values (37, 88, 5, 'In congue. Etiam justo. Etiam pretium iaculis justo.', false, '2020-09-25 03:40:36');
insert into messages (id, from_user_id, to_user_id, body, is_read, created_at) values (38, 83, 23, 'Cras pellentesque volutpat dui. Maecenas tristique, est et tempus semper, est quam pharetra magna, ac consequat metus sapien ut nunc. Vestibulum ante ipsum primis in faucibus orci luctus et ultrices posuere cubilia Curae; Mauris viverra diam vitae quam.', true, '2020-09-25 07:45:48');
insert into messages (id, from_user_id, to_user_id, body, is_read, created_at) values (39, 83, 45, 'Morbi sem mauris, laoreet ut, rhoncus aliquet, pulvinar sed, nisl. Nunc rhoncus dui vel sem. Sed sagittis.', false, '2020-09-25 07:04:06');
insert into messages (id, from_user_id, to_user_id, body, is_read, created_at) values (40, 65, 92, 'Sed ante. Vivamus tortor.', true, '2020-09-25 16:27:17');
insert into messages (id, from_user_id, to_user_id, body, is_read, created_at) values (41, 72, 82, 'Donec diam neque, vestibulum eget, vulputate ut, ultrices vel, augue.', true, '2020-09-25 15:18:18');
insert into messages (id, from_user_id, to_user_id, body, is_read, created_at) values (42, 42, 89, 'Maecenas rhoncus aliquam lacus. Morbi quis tortor id nulla ultrices aliquet. Maecenas leo odio, condimentum id, luctus nec, molestie sed, justo.', true, '2020-09-25 01:50:29');
insert into messages (id, from_user_id, to_user_id, body, is_read, created_at) values (43, 42, 44, 'Nulla justo.', false, '2020-09-25 17:59:22');
insert into messages (id, from_user_id, to_user_id, body, is_read, created_at) values (44, 20, 100, 'Donec quis orci eget orci vehicula condimentum. Curabitur in libero ut massa volutpat convallis. Morbi odio odio, elementum eu, interdum eu, tincidunt in, leo.', false, '2020-09-25 20:20:53');
insert into messages (id, from_user_id, to_user_id, body, is_read, created_at) values (45, 52, 95, 'Fusce lacus purus, aliquet at, feugiat non, pretium quis, lectus. Suspendisse potenti. In eleifend quam a odio.', true, '2020-09-25 22:35:57');
insert into messages (id, from_user_id, to_user_id, body, is_read, created_at) values (46, 91, 18, 'Duis mattis egestas metus. Aenean fermentum. Donec ut mauris eget massa tempor convallis.', false, '2020-09-25 18:12:02');
insert into messages (id, from_user_id, to_user_id, body, is_read, created_at) values (47, 41, 10, 'Maecenas pulvinar lobortis est. Phasellus sit amet erat.', true, '2020-09-25 21:11:04');
insert into messages (id, from_user_id, to_user_id, body, is_read, created_at) values (48, 54, 54, 'Proin at turpis a pede posuere nonummy. Integer non velit. Donec diam neque, vestibulum eget, vulputate ut, ultrices vel, augue.', true, '2020-09-25 20:45:41');
insert into messages (id, from_user_id, to_user_id, body, is_read, created_at) values (49, 93, 10, 'Ut tellus.', true, '2020-09-25 04:06:11');
insert into messages (id, from_user_id, to_user_id, body, is_read, created_at) values (50, 62, 15, 'Pellentesque viverra pede ac diam. Cras pellentesque volutpat dui. Maecenas tristique, est et tempus semper, est quam pharetra magna, ac consequat metus sapien ut nunc.', true, '2020-09-25 23:19:22');
insert into messages (id, from_user_id, to_user_id, body, is_read, created_at) values (51, 27, 50, 'Integer ac neque.', false, '2020-09-25 19:11:04');
insert into messages (id, from_user_id, to_user_id, body, is_read, created_at) values (52, 68, 5, 'Phasellus sit amet erat. Nulla tempus.', true, '2020-09-25 03:28:58');
insert into messages (id, from_user_id, to_user_id, body, is_read, created_at) values (53, 4, 10, 'In congue.', true, '2020-09-25 06:26:33');
insert into messages (id, from_user_id, to_user_id, body, is_read, created_at) values (54, 49, 21, 'Duis consequat dui nec nisi volutpat eleifend.', false, '2020-09-25 09:58:41');
insert into messages (id, from_user_id, to_user_id, body, is_read, created_at) values (55, 56, 51, 'Morbi sem mauris, laoreet ut, rhoncus aliquet, pulvinar sed, nisl. Nunc rhoncus dui vel sem.', false, '2020-09-25 06:06:09');
insert into messages (id, from_user_id, to_user_id, body, is_read, created_at) values (56, 14, 98, 'Nam ultrices, libero non mattis pulvinar, nulla pede ullamcorper augue, a suscipit nulla elit ac nulla.', false, '2020-09-25 15:59:28');
insert into messages (id, from_user_id, to_user_id, body, is_read, created_at) values (57, 30, 75, 'Phasellus in felis.', false, '2020-09-25 21:52:46');
insert into messages (id, from_user_id, to_user_id, body, is_read, created_at) values (58, 53, 84, 'Vestibulum ante ipsum primis in faucibus orci luctus et ultrices posuere cubilia Curae; Donec pharetra, magna vestibulum aliquet ultrices, erat tortor sollicitudin mi, sit amet lobortis sapien sapien non mi. Integer ac neque.', true, '2020-09-25 22:06:41');
insert into messages (id, from_user_id, to_user_id, body, is_read, created_at) values (59, 12, 58, 'Aliquam quis turpis eget elit sodales scelerisque.', true, '2020-09-25 10:49:44');
insert into messages (id, from_user_id, to_user_id, body, is_read, created_at) values (60, 10, 66, 'Vivamus vel nulla eget eros elementum pellentesque. Quisque porta volutpat erat.', true, '2020-09-25 04:27:13');
insert into messages (id, from_user_id, to_user_id, body, is_read, created_at) values (61, 81, 7, 'Proin at turpis a pede posuere nonummy.', false, '2020-09-25 18:02:27');
insert into messages (id, from_user_id, to_user_id, body, is_read, created_at) values (62, 61, 86, 'Nunc purus. Phasellus in felis. Donec semper sapien a libero.', false, '2020-09-25 20:39:01');
insert into messages (id, from_user_id, to_user_id, body, is_read, created_at) values (63, 81, 51, 'In sagittis dui vel nisl.', true, '2020-09-25 16:45:23');
insert into messages (id, from_user_id, to_user_id, body, is_read, created_at) values (64, 33, 31, 'Aenean auctor gravida sem. Praesent id massa id nisl venenatis lacinia. Aenean sit amet justo.', false, '2020-09-25 18:46:32');
insert into messages (id, from_user_id, to_user_id, body, is_read, created_at) values (65, 52, 17, 'Integer tincidunt ante vel ipsum.', false, '2020-09-25 13:59:12');
insert into messages (id, from_user_id, to_user_id, body, is_read, created_at) values (66, 17, 26, 'Duis consequat dui nec nisi volutpat eleifend.', false, '2020-09-25 22:42:57');
insert into messages (id, from_user_id, to_user_id, body, is_read, created_at) values (67, 99, 51, 'Vestibulum rutrum rutrum neque.', false, '2020-09-25 08:08:28');
insert into messages (id, from_user_id, to_user_id, body, is_read, created_at) values (68, 45, 53, 'Cras in purus eu magna vulputate luctus.', true, '2020-09-25 15:08:05');
insert into messages (id, from_user_id, to_user_id, body, is_read, created_at) values (69, 18, 76, 'Pellentesque at nulla. Suspendisse potenti. Cras in purus eu magna vulputate luctus.', true, '2020-09-25 17:49:21');
insert into messages (id, from_user_id, to_user_id, body, is_read, created_at) values (70, 72, 93, 'Aliquam non mauris. Morbi non lectus. Aliquam sit amet diam in magna bibendum imperdiet.', false, '2020-09-25 12:21:17');
insert into messages (id, from_user_id, to_user_id, body, is_read, created_at) values (71, 69, 29, 'Mauris enim leo, rhoncus sed, vestibulum sit amet, cursus id, turpis.', false, '2020-09-25 19:47:06');
insert into messages (id, from_user_id, to_user_id, body, is_read, created_at) values (72, 65, 17, 'Suspendisse ornare consequat lectus. In est risus, auctor sed, tristique in, tempus sit amet, sem.', false, '2020-09-25 11:25:36');
insert into messages (id, from_user_id, to_user_id, body, is_read, created_at) values (73, 12, 54, 'Vestibulum ac est lacinia nisi venenatis tristique. Fusce congue, diam id ornare imperdiet, sapien urna pretium nisl, ut volutpat sapien arcu sed augue. Aliquam erat volutpat.', false, '2020-09-25 07:00:06');
insert into messages (id, from_user_id, to_user_id, body, is_read, created_at) values (74, 69, 5, 'Nulla tempus. Vivamus in felis eu sapien cursus vestibulum.', false, '2020-09-25 21:34:37');
insert into messages (id, from_user_id, to_user_id, body, is_read, created_at) values (75, 9, 51, 'Maecenas pulvinar lobortis est.', true, '2020-09-25 08:11:24');
insert into messages (id, from_user_id, to_user_id, body, is_read, created_at) values (76, 2, 71, 'In est risus, auctor sed, tristique in, tempus sit amet, sem.', false, '2020-09-25 16:12:20');
insert into messages (id, from_user_id, to_user_id, body, is_read, created_at) values (77, 18, 92, 'In hac habitasse platea dictumst. Maecenas ut massa quis augue luctus tincidunt. Nulla mollis molestie lorem.', false, '2020-09-25 13:35:04');
insert into messages (id, from_user_id, to_user_id, body, is_read, created_at) values (78, 24, 9, 'Integer ac neque. Duis bibendum.', true, '2020-09-25 04:17:45');
insert into messages (id, from_user_id, to_user_id, body, is_read, created_at) values (79, 53, 42, 'Morbi vestibulum, velit id pretium iaculis, diam erat fermentum justo, nec condimentum neque sapien placerat ante. Nulla justo. Aliquam quis turpis eget elit sodales scelerisque.', false, '2020-09-25 18:37:58');
insert into messages (id, from_user_id, to_user_id, body, is_read, created_at) values (80, 18, 66, 'Aenean sit amet justo. Morbi ut odio.', false, '2020-09-25 23:46:57');
insert into messages (id, from_user_id, to_user_id, body, is_read, created_at) values (81, 70, 61, 'Fusce congue, diam id ornare imperdiet, sapien urna pretium nisl, ut volutpat sapien arcu sed augue. Aliquam erat volutpat. In congue.', false, '2020-09-25 17:53:14');
insert into messages (id, from_user_id, to_user_id, body, is_read, created_at) values (82, 48, 9, 'Proin interdum mauris non ligula pellentesque ultrices. Phasellus id sapien in sapien iaculis congue.', true, '2020-09-25 12:59:25');
insert into messages (id, from_user_id, to_user_id, body, is_read, created_at) values (83, 35, 15, 'Etiam pretium iaculis justo. In hac habitasse platea dictumst. Etiam faucibus cursus urna.', false, '2020-09-25 14:16:18');
insert into messages (id, from_user_id, to_user_id, body, is_read, created_at) values (84, 101, 34, 'Integer tincidunt ante vel ipsum. Praesent blandit lacinia erat.', false, '2020-09-25 15:44:53');
insert into messages (id, from_user_id, to_user_id, body, is_read, created_at) values (85, 78, 20, 'In hac habitasse platea dictumst. Etiam faucibus cursus urna.', false, '2020-09-25 22:08:39');
insert into messages (id, from_user_id, to_user_id, body, is_read, created_at) values (86, 51, 49, 'In sagittis dui vel nisl.', true, '2020-09-25 22:23:14');
insert into messages (id, from_user_id, to_user_id, body, is_read, created_at) values (87, 66, 7, 'Integer non velit.', false, '2020-09-25 14:39:11');
insert into messages (id, from_user_id, to_user_id, body, is_read, created_at) values (88, 19, 75, 'Lorem ipsum dolor sit amet, consectetuer adipiscing elit. Proin interdum mauris non ligula pellentesque ultrices.', true, '2020-09-25 15:06:26');
insert into messages (id, from_user_id, to_user_id, body, is_read, created_at) values (89, 90, 31, 'Curabitur at ipsum ac tellus semper interdum. Mauris ullamcorper purus sit amet nulla.', false, '2020-09-25 05:35:00');
insert into messages (id, from_user_id, to_user_id, body, is_read, created_at) values (90, 4, 96, 'Suspendisse potenti. Cras in purus eu magna vulputate luctus. Cum sociis natoque penatibus et magnis dis parturient montes, nascetur ridiculus mus.', true, '2020-09-25 17:53:01');
insert into messages (id, from_user_id, to_user_id, body, is_read, created_at) values (91, 41, 17, 'Morbi odio odio, elementum eu, interdum eu, tincidunt in, leo.', true, '2020-09-25 03:54:59');
insert into messages (id, from_user_id, to_user_id, body, is_read, created_at) values (92, 85, 11, 'Donec ut dolor.', false, '2020-09-25 03:30:21');
insert into messages (id, from_user_id, to_user_id, body, is_read, created_at) values (93, 66, 53, 'Pellentesque ultrices mattis odio.', false, '2020-09-25 14:18:18');
insert into messages (id, from_user_id, to_user_id, body, is_read, created_at) values (94, 94, 14, 'Praesent blandit lacinia erat. Vestibulum sed magna at nunc commodo placerat. Praesent blandit.', true, '2020-09-25 13:07:59');
insert into messages (id, from_user_id, to_user_id, body, is_read, created_at) values (95, 69, 16, 'In sagittis dui vel nisl. Duis ac nibh.', true, '2020-09-25 18:41:54');
insert into messages (id, from_user_id, to_user_id, body, is_read, created_at) values (96, 14, 39, 'Cras mi pede, malesuada in, imperdiet et, commodo vulputate, justo. In blandit ultrices enim.', false, '2020-09-25 03:13:34');
insert into messages (id, from_user_id, to_user_id, body, is_read, created_at) values (97, 24, 92, 'Maecenas rhoncus aliquam lacus. Morbi quis tortor id nulla ultrices aliquet. Maecenas leo odio, condimentum id, luctus nec, molestie sed, justo.', false, '2020-09-25 23:32:26');
insert into messages (id, from_user_id, to_user_id, body, is_read, created_at) values (98, 69, 57, 'Nullam varius.', false, '2020-09-25 19:37:44');
insert into messages (id, from_user_id, to_user_id, body, is_read, created_at) values (99, 61, 89, 'Curabitur gravida nisi at nibh. In hac habitasse platea dictumst.', false, '2020-09-25 10:23:47');
insert into messages (id, from_user_id, to_user_id, body, is_read, created_at) values (100, 51, 42, 'Nulla tellus. In sagittis dui vel nisl. Duis ac nibh.', true, '2020-09-25 19:24:52');
insert into messages (id, from_user_id, to_user_id, body, is_read, created_at) values (101, 69, 93, 'Suspendisse potenti.', false, '2020-09-25 10:35:07');

-- friend_requests
insert into friend_requests (initiator_user_id, target_user_id, status, requested_at, confirmed_at) values (1, 81, 'unfriended', '2020-09-24 19:28:13', '2020-09-25 16:02:24');
insert into friend_requests (initiator_user_id, target_user_id, status, requested_at, confirmed_at) values (2, 40, 'requested', '2020-09-24 00:40:07', '2020-09-25 06:17:42');
insert into friend_requests (initiator_user_id, target_user_id, status, requested_at, confirmed_at) values (3, 40, 'approved', '2020-09-24 19:00:20', '2020-09-25 10:14:33');
insert into friend_requests (initiator_user_id, target_user_id, status, requested_at, confirmed_at) values (4, 12, 'unfriended', '2020-09-24 19:35:21', '2020-09-25 21:34:48');
insert into friend_requests (initiator_user_id, target_user_id, status, requested_at, confirmed_at) values (5, 61, 'unfriended', '2020-09-24 19:47:54', '2020-09-25 20:34:00');
insert into friend_requests (initiator_user_id, target_user_id, status, requested_at, confirmed_at) values (6, 8, 'declined', '2020-09-25 01:37:12', '2020-09-25 16:19:16');
insert into friend_requests (initiator_user_id, target_user_id, status, requested_at, confirmed_at) values (7, 82, 'declined', '2020-09-24 18:45:58', '2020-09-25 00:23:52');
insert into friend_requests (initiator_user_id, target_user_id, status, requested_at, confirmed_at) values (8, 42, 'requested', '2020-09-25 22:44:19', '2020-09-25 19:07:04');
insert into friend_requests (initiator_user_id, target_user_id, status, requested_at, confirmed_at) values (9, 92, 'unfriended', '2020-09-25 02:31:10', '2020-09-25 14:09:49');
insert into friend_requests (initiator_user_id, target_user_id, status, requested_at, confirmed_at) values (10, 63, 'declined', '2020-09-24 13:43:38', '2020-09-25 17:34:06');
insert into friend_requests (initiator_user_id, target_user_id, status, requested_at, confirmed_at) values (11, 8, 'unfriended', '2020-09-25 23:14:34', '2020-09-25 09:41:50');
insert into friend_requests (initiator_user_id, target_user_id, status, requested_at, confirmed_at) values (12, 73, 'declined', '2020-09-25 08:08:43', '2020-09-25 17:19:22');
insert into friend_requests (initiator_user_id, target_user_id, status, requested_at, confirmed_at) values (13, 49, 'unfriended', '2020-09-25 13:16:51', '2020-09-25 18:49:53');
insert into friend_requests (initiator_user_id, target_user_id, status, requested_at, confirmed_at) values (14, 14, 'approved', '2020-09-24 11:18:54', '2020-09-25 10:37:14');
insert into friend_requests (initiator_user_id, target_user_id, status, requested_at, confirmed_at) values (15, 84, 'declined', '2020-09-25 14:07:18', '2020-09-25 23:42:14');
insert into friend_requests (initiator_user_id, target_user_id, status, requested_at, confirmed_at) values (16, 95, 'declined', '2020-09-24 15:31:24', '2020-09-25 10:44:42');
insert into friend_requests (initiator_user_id, target_user_id, status, requested_at, confirmed_at) values (17, 20, 'approved', '2020-09-24 17:55:38', '2020-09-25 04:52:34');
insert into friend_requests (initiator_user_id, target_user_id, status, requested_at, confirmed_at) values (18, 8, 'unfriended', '2020-09-25 00:38:02', '2020-09-25 12:52:50');
insert into friend_requests (initiator_user_id, target_user_id, status, requested_at, confirmed_at) values (19, 56, 'declined', '2020-09-25 21:23:50', '2020-09-25 22:26:03');
insert into friend_requests (initiator_user_id, target_user_id, status, requested_at, confirmed_at) values (20, 33, 'declined', '2020-09-25 14:15:30', '2020-09-25 00:23:38');
insert into friend_requests (initiator_user_id, target_user_id, status, requested_at, confirmed_at) values (21, 98, 'approved', '2020-09-24 01:40:27', '2020-09-25 19:29:58');
insert into friend_requests (initiator_user_id, target_user_id, status, requested_at, confirmed_at) values (22, 50, 'unfriended', '2020-09-24 16:46:01', '2020-09-25 15:47:44');
insert into friend_requests (initiator_user_id, target_user_id, status, requested_at, confirmed_at) values (23, 49, 'requested', '2020-09-24 11:28:55', '2020-09-25 13:40:08');
insert into friend_requests (initiator_user_id, target_user_id, status, requested_at, confirmed_at) values (24, 10, 'declined', '2020-09-24 12:11:16', '2020-09-25 17:48:52');
insert into friend_requests (initiator_user_id, target_user_id, status, requested_at, confirmed_at) values (25, 82, 'requested', '2020-09-25 03:22:16', '2020-09-25 09:02:07');
insert into friend_requests (initiator_user_id, target_user_id, status, requested_at, confirmed_at) values (26, 31, 'declined', '2020-09-25 18:56:39', '2020-09-25 11:07:24');
insert into friend_requests (initiator_user_id, target_user_id, status, requested_at, confirmed_at) values (27, 99, 'declined', '2020-09-25 12:30:52', '2020-09-25 13:37:28');
insert into friend_requests (initiator_user_id, target_user_id, status, requested_at, confirmed_at) values (28, 92, 'unfriended', '2020-09-24 17:00:55', '2020-09-25 04:23:16');
insert into friend_requests (initiator_user_id, target_user_id, status, requested_at, confirmed_at) values (29, 6, 'requested', '2020-09-25 17:01:01', '2020-09-25 03:22:42');
insert into friend_requests (initiator_user_id, target_user_id, status, requested_at, confirmed_at) values (30, 11, 'requested', '2020-09-25 12:09:50', '2020-09-25 18:23:29');
insert into friend_requests (initiator_user_id, target_user_id, status, requested_at, confirmed_at) values (31, 68, 'declined', '2020-09-24 06:26:16', '2020-09-25 14:15:25');
insert into friend_requests (initiator_user_id, target_user_id, status, requested_at, confirmed_at) values (32, 39, 'declined', '2020-09-24 22:12:57', '2020-09-25 08:35:35');
insert into friend_requests (initiator_user_id, target_user_id, status, requested_at, confirmed_at) values (33, 60, 'unfriended', '2020-09-25 00:19:29', '2020-09-25 16:46:04');
insert into friend_requests (initiator_user_id, target_user_id, status, requested_at, confirmed_at) values (34, 26, 'approved', '2020-09-24 12:14:20', '2020-09-25 15:14:13');
insert into friend_requests (initiator_user_id, target_user_id, status, requested_at, confirmed_at) values (35, 86, 'unfriended', '2020-09-25 01:35:49', '2020-09-25 01:23:25');
insert into friend_requests (initiator_user_id, target_user_id, status, requested_at, confirmed_at) values (36, 24, 'requested', '2020-09-24 06:40:50', '2020-09-25 13:35:51');
insert into friend_requests (initiator_user_id, target_user_id, status, requested_at, confirmed_at) values (37, 93, 'approved', '2020-09-24 02:51:31', '2020-09-25 13:02:30');
insert into friend_requests (initiator_user_id, target_user_id, status, requested_at, confirmed_at) values (38, 35, 'unfriended', '2020-09-25 04:04:53', '2020-09-25 14:19:09');
insert into friend_requests (initiator_user_id, target_user_id, status, requested_at, confirmed_at) values (39, 28, 'approved', '2020-09-24 05:04:40', '2020-09-25 16:50:22');
insert into friend_requests (initiator_user_id, target_user_id, status, requested_at, confirmed_at) values (40, 52, 'declined', '2020-09-25 18:43:32', '2020-09-25 17:21:05');
insert into friend_requests (initiator_user_id, target_user_id, status, requested_at, confirmed_at) values (41, 69, 'approved', '2020-09-24 20:54:15', '2020-09-25 18:46:24');
insert into friend_requests (initiator_user_id, target_user_id, status, requested_at, confirmed_at) values (42, 68, 'approved', '2020-09-24 12:11:47', '2020-09-25 22:44:04');
insert into friend_requests (initiator_user_id, target_user_id, status, requested_at, confirmed_at) values (43, 17, 'requested', '2020-09-25 19:42:12', '2020-09-25 08:14:36');
insert into friend_requests (initiator_user_id, target_user_id, status, requested_at, confirmed_at) values (44, 58, 'unfriended', '2020-09-24 08:16:52', '2020-09-25 14:23:45');
insert into friend_requests (initiator_user_id, target_user_id, status, requested_at, confirmed_at) values (45, 37, 'declined', '2020-09-24 17:56:58', '2020-09-25 01:44:21');
insert into friend_requests (initiator_user_id, target_user_id, status, requested_at, confirmed_at) values (46, 83, 'declined', '2020-09-25 22:38:26', '2020-09-25 17:12:01');
insert into friend_requests (initiator_user_id, target_user_id, status, requested_at, confirmed_at) values (47, 4, 'unfriended', '2020-09-24 06:40:56', '2020-09-25 13:22:10');
insert into friend_requests (initiator_user_id, target_user_id, status, requested_at, confirmed_at) values (48, 44, 'unfriended', '2020-09-25 18:19:13', '2020-09-25 13:38:57');
insert into friend_requests (initiator_user_id, target_user_id, status, requested_at, confirmed_at) values (49, 45, 'unfriended', '2020-09-24 12:35:05', '2020-09-25 15:24:58');
insert into friend_requests (initiator_user_id, target_user_id, status, requested_at, confirmed_at) values (50, 86, 'approved', '2020-09-25 23:19:17', '2020-09-25 11:02:06');
insert into friend_requests (initiator_user_id, target_user_id, status, requested_at, confirmed_at) values (51, 94, 'approved', '2020-09-25 07:17:06', '2020-09-25 01:25:20');
insert into friend_requests (initiator_user_id, target_user_id, status, requested_at, confirmed_at) values (52, 74, 'declined', '2020-09-25 08:39:26', '2020-09-25 10:58:39');
insert into friend_requests (initiator_user_id, target_user_id, status, requested_at, confirmed_at) values (53, 78, 'declined', '2020-09-24 06:36:24', '2020-09-25 03:55:47');
insert into friend_requests (initiator_user_id, target_user_id, status, requested_at, confirmed_at) values (54, 9, 'approved', '2020-09-25 18:03:22', '2020-09-25 23:52:17');
insert into friend_requests (initiator_user_id, target_user_id, status, requested_at, confirmed_at) values (55, 65, 'declined', '2020-09-25 10:37:09', '2020-09-25 09:29:28');
insert into friend_requests (initiator_user_id, target_user_id, status, requested_at, confirmed_at) values (56, 64, 'approved', '2020-09-25 01:59:17', '2020-09-25 12:39:23');
insert into friend_requests (initiator_user_id, target_user_id, status, requested_at, confirmed_at) values (57, 53, 'declined', '2020-09-24 21:21:15', '2020-09-25 20:11:09');
insert into friend_requests (initiator_user_id, target_user_id, status, requested_at, confirmed_at) values (58, 22, 'unfriended', '2020-09-24 01:45:03', '2020-09-25 18:23:27');
insert into friend_requests (initiator_user_id, target_user_id, status, requested_at, confirmed_at) values (59, 15, 'unfriended', '2020-09-24 10:33:57', '2020-09-25 10:27:29');
insert into friend_requests (initiator_user_id, target_user_id, status, requested_at, confirmed_at) values (60, 91, 'requested', '2020-09-25 04:33:42', '2020-09-25 11:20:39');
insert into friend_requests (initiator_user_id, target_user_id, status, requested_at, confirmed_at) values (61, 47, 'declined', '2020-09-24 05:59:02', '2020-09-25 19:41:46');
insert into friend_requests (initiator_user_id, target_user_id, status, requested_at, confirmed_at) values (62, 16, 'approved', '2020-09-24 11:44:35', '2020-09-25 18:59:32');
insert into friend_requests (initiator_user_id, target_user_id, status, requested_at, confirmed_at) values (63, 94, 'requested', '2020-09-25 13:14:47', '2020-09-25 07:18:26');
insert into friend_requests (initiator_user_id, target_user_id, status, requested_at, confirmed_at) values (64, 62, 'approved', '2020-09-24 10:38:14', '2020-09-25 10:30:17');
insert into friend_requests (initiator_user_id, target_user_id, status, requested_at, confirmed_at) values (65, 30, 'unfriended', '2020-09-24 16:19:45', '2020-09-25 17:13:19');
insert into friend_requests (initiator_user_id, target_user_id, status, requested_at, confirmed_at) values (66, 91, 'approved', '2020-09-24 08:05:26', '2020-09-25 09:32:26');
insert into friend_requests (initiator_user_id, target_user_id, status, requested_at, confirmed_at) values (67, 11, 'requested', '2020-09-25 18:16:20', '2020-09-25 00:39:03');
insert into friend_requests (initiator_user_id, target_user_id, status, requested_at, confirmed_at) values (68, 80, 'unfriended', '2020-09-25 13:56:34', '2020-09-25 11:03:50');
insert into friend_requests (initiator_user_id, target_user_id, status, requested_at, confirmed_at) values (69, 49, 'requested', '2020-09-24 23:13:43', '2020-09-25 06:38:45');
insert into friend_requests (initiator_user_id, target_user_id, status, requested_at, confirmed_at) values (70, 79, 'requested', '2020-09-24 01:02:50', '2020-09-25 21:40:59');
insert into friend_requests (initiator_user_id, target_user_id, status, requested_at, confirmed_at) values (71, 43, 'declined', '2020-09-24 11:15:00', '2020-09-25 20:37:09');
insert into friend_requests (initiator_user_id, target_user_id, status, requested_at, confirmed_at) values (72, 65, 'approved', '2020-09-24 14:13:18', '2020-09-25 03:09:03');
insert into friend_requests (initiator_user_id, target_user_id, status, requested_at, confirmed_at) values (73, 38, 'requested', '2020-09-24 06:40:59', '2020-09-25 09:22:47');
insert into friend_requests (initiator_user_id, target_user_id, status, requested_at, confirmed_at) values (74, 88, 'declined', '2020-09-24 00:49:40', '2020-09-25 05:57:27');
insert into friend_requests (initiator_user_id, target_user_id, status, requested_at, confirmed_at) values (75, 100, 'unfriended', '2020-09-25 07:26:19', '2020-09-25 15:43:37');
insert into friend_requests (initiator_user_id, target_user_id, status, requested_at, confirmed_at) values (76, 59, 'unfriended', '2020-09-24 10:09:50', '2020-09-25 01:34:22');
insert into friend_requests (initiator_user_id, target_user_id, status, requested_at, confirmed_at) values (77, 84, 'requested', '2020-09-24 22:45:48', '2020-09-25 08:10:47');
insert into friend_requests (initiator_user_id, target_user_id, status, requested_at, confirmed_at) values (78, 65, 'requested', '2020-09-25 07:22:19', '2020-09-25 21:55:53');
insert into friend_requests (initiator_user_id, target_user_id, status, requested_at, confirmed_at) values (79, 71, 'declined', '2020-09-24 11:11:52', '2020-09-25 05:57:55');
insert into friend_requests (initiator_user_id, target_user_id, status, requested_at, confirmed_at) values (80, 36, 'declined', '2020-09-25 14:27:26', '2020-09-25 13:47:17');
insert into friend_requests (initiator_user_id, target_user_id, status, requested_at, confirmed_at) values (81, 54, 'unfriended', '2020-09-25 01:25:09', '2020-09-25 16:04:21');
insert into friend_requests (initiator_user_id, target_user_id, status, requested_at, confirmed_at) values (82, 41, 'declined', '2020-09-25 08:27:33', '2020-09-25 04:10:32');
insert into friend_requests (initiator_user_id, target_user_id, status, requested_at, confirmed_at) values (83, 12, 'requested', '2020-09-24 15:22:19', '2020-09-25 00:42:03');
insert into friend_requests (initiator_user_id, target_user_id, status, requested_at, confirmed_at) values (84, 40, 'requested', '2020-09-25 05:23:19', '2020-09-25 17:46:25');
insert into friend_requests (initiator_user_id, target_user_id, status, requested_at, confirmed_at) values (85, 80, 'unfriended', '2020-09-25 06:35:58', '2020-09-25 14:38:32');
insert into friend_requests (initiator_user_id, target_user_id, status, requested_at, confirmed_at) values (86, 88, 'declined', '2020-09-24 21:54:14', '2020-09-25 06:56:01');
insert into friend_requests (initiator_user_id, target_user_id, status, requested_at, confirmed_at) values (87, 43, 'unfriended', '2020-09-25 03:12:57', '2020-09-25 01:04:34');
insert into friend_requests (initiator_user_id, target_user_id, status, requested_at, confirmed_at) values (88, 66, 'declined', '2020-09-25 03:32:03', '2020-09-25 00:54:30');
insert into friend_requests (initiator_user_id, target_user_id, status, requested_at, confirmed_at) values (89, 90, 'requested', '2020-09-25 09:55:31', '2020-09-25 02:07:00');
insert into friend_requests (initiator_user_id, target_user_id, status, requested_at, confirmed_at) values (90, 38, 'approved', '2020-09-25 11:56:59', '2020-09-25 07:55:52');
insert into friend_requests (initiator_user_id, target_user_id, status, requested_at, confirmed_at) values (91, 35, 'unfriended', '2020-09-25 17:05:55', '2020-09-25 15:45:03');
insert into friend_requests (initiator_user_id, target_user_id, status, requested_at, confirmed_at) values (92, 57, 'declined', '2020-09-25 00:19:20', '2020-09-25 04:37:18');
insert into friend_requests (initiator_user_id, target_user_id, status, requested_at, confirmed_at) values (93, 67, 'approved', '2020-09-25 09:18:57', '2020-09-25 05:47:16');
insert into friend_requests (initiator_user_id, target_user_id, status, requested_at, confirmed_at) values (94, 92, 'approved', '2020-09-24 07:08:32', '2020-09-25 03:29:58');
insert into friend_requests (initiator_user_id, target_user_id, status, requested_at, confirmed_at) values (95, 15, 'approved', '2020-09-25 10:47:56', '2020-09-25 00:34:31');
insert into friend_requests (initiator_user_id, target_user_id, status, requested_at, confirmed_at) values (96, 78, 'unfriended', '2020-09-25 19:07:20', '2020-09-25 20:47:40');
insert into friend_requests (initiator_user_id, target_user_id, status, requested_at, confirmed_at) values (97, 97, 'declined', '2020-09-25 12:05:06', '2020-09-25 02:14:01');
insert into friend_requests (initiator_user_id, target_user_id, status, requested_at, confirmed_at) values (98, 81, 'declined', '2020-09-25 11:11:43', '2020-09-25 20:07:39');
insert into friend_requests (initiator_user_id, target_user_id, status, requested_at, confirmed_at) values (99, 101, 'unfriended', '2020-09-24 18:35:22', '2020-09-25 03:37:45');
insert into friend_requests (initiator_user_id, target_user_id, status, requested_at, confirmed_at) values (100, 46, 'approved', '2020-09-24 11:55:03', '2020-09-25 06:37:19');
insert into friend_requests (initiator_user_id, target_user_id, status, requested_at, confirmed_at) values (101, 98, 'approved', '2020-09-25 12:14:11', '2020-09-25 20:39:37');

-- communities
insert into communities (id, name) values (1, 'nam nulla');
insert into communities (id, name) values (2, 'lectus in quam');
insert into communities (id, name) values (3, 'quis justo maecenas');
insert into communities (id, name) values (4, 'proin at');
insert into communities (id, name) values (5, 'velit vivamus vel');
insert into communities (id, name) values (6, 'suscipit');
insert into communities (id, name) values (7, 'eget orci');
insert into communities (id, name) values (8, 'elementum pellentesque');
insert into communities (id, name) values (9, 'dui luctus');
insert into communities (id, name) values (10, 'ante vestibulum ante');
insert into communities (id, name) values (11, 'interdum');
insert into communities (id, name) values (12, 'adipiscing');
insert into communities (id, name) values (13, 'condimentum');
insert into communities (id, name) values (14, 'posuere');
insert into communities (id, name) values (15, 'quam sollicitudin');
insert into communities (id, name) values (16, 'pede ullamcorper augue');
insert into communities (id, name) values (17, 'eu mi nulla');
insert into communities (id, name) values (18, 'pulvinar');
insert into communities (id, name) values (19, 'enim in');
insert into communities (id, name) values (20, 'justo in blandit');
insert into communities (id, name) values (21, 'neque vestibulum eget');
insert into communities (id, name) values (22, 'ante');
insert into communities (id, name) values (23, 'turpis a');
insert into communities (id, name) values (24, 'proin');
insert into communities (id, name) values (25, 'maecenas tristique est');
insert into communities (id, name) values (26, 'dolor');
insert into communities (id, name) values (27, 'nulla');
insert into communities (id, name) values (28, 'maecenas ut');
insert into communities (id, name) values (29, 'integer aliquet');
insert into communities (id, name) values (30, 'mauris');
insert into communities (id, name) values (31, 'sapien');
insert into communities (id, name) values (32, 'fermentum');
insert into communities (id, name) values (33, 'velit nec nisi');
insert into communities (id, name) values (34, 'natoque penatibus');
insert into communities (id, name) values (35, 'lacus');
insert into communities (id, name) values (36, 'sollicitudin vitae consectetuer');
insert into communities (id, name) values (37, 'libero convallis eget');
insert into communities (id, name) values (38, 'posuere');
insert into communities (id, name) values (39, 'integer a nibh');
insert into communities (id, name) values (40, 'tincidunt');
insert into communities (id, name) values (41, 'eget vulputate');
insert into communities (id, name) values (42, 'mi integer');
insert into communities (id, name) values (43, 'dapibus');
insert into communities (id, name) values (44, 'odio condimentum');
insert into communities (id, name) values (45, 'mus vivamus');
insert into communities (id, name) values (46, 'nibh quisque id');
insert into communities (id, name) values (47, 'nulla');
insert into communities (id, name) values (48, 'faucibus orci');
insert into communities (id, name) values (49, 'est risus auctor');
insert into communities (id, name) values (50, 'elementum ligula');
insert into communities (id, name) values (51, 'est et');
insert into communities (id, name) values (52, 'nulla ultrices aliquet');
insert into communities (id, name) values (53, 'praesent blandit');
insert into communities (id, name) values (54, 'sem sed sagittis');
insert into communities (id, name) values (55, 'fusce');
insert into communities (id, name) values (56, 'in sapien');
insert into communities (id, name) values (57, 'nec nisi');
insert into communities (id, name) values (58, 'integer a nibh');
insert into communities (id, name) values (59, 'duis');
insert into communities (id, name) values (60, 'pharetra');
insert into communities (id, name) values (61, 'nunc nisl duis');
insert into communities (id, name) values (62, 'elit sodales scelerisque');
insert into communities (id, name) values (63, 'consequat varius integer');
insert into communities (id, name) values (64, 'a odio in');
insert into communities (id, name) values (65, 'risus');
insert into communities (id, name) values (66, 'sed tincidunt eu');
insert into communities (id, name) values (67, 'pede justo lacinia');
insert into communities (id, name) values (68, 'tristique tortor eu');
insert into communities (id, name) values (69, 'nibh in');
insert into communities (id, name) values (70, 'lectus suspendisse');
insert into communities (id, name) values (71, 'quisque arcu');
insert into communities (id, name) values (72, 'condimentum');
insert into communities (id, name) values (73, 'primis in');
insert into communities (id, name) values (74, 'odio elementum');
insert into communities (id, name) values (75, 'ultrices');
insert into communities (id, name) values (76, 'justo lacinia eget');
insert into communities (id, name) values (77, 'eu massa');
insert into communities (id, name) values (78, 'pellentesque ultrices phasellus');
insert into communities (id, name) values (79, 'cras pellentesque');
insert into communities (id, name) values (80, 'lacinia eget');
insert into communities (id, name) values (81, 'nulla nisl nunc');
insert into communities (id, name) values (82, 'nulla tellus in');
insert into communities (id, name) values (83, 'sapien');
insert into communities (id, name) values (84, 'risus auctor sed');
insert into communities (id, name) values (85, 'orci luctus');
insert into communities (id, name) values (86, 'tempus vivamus in');
insert into communities (id, name) values (87, 'donec');
insert into communities (id, name) values (88, 'in');
insert into communities (id, name) values (89, 'tortor sollicitudin');
insert into communities (id, name) values (90, 'orci luctus et');
insert into communities (id, name) values (91, 'ligula pellentesque');
insert into communities (id, name) values (92, 'platea');
insert into communities (id, name) values (93, 'donec pharetra magna');
insert into communities (id, name) values (94, 'donec ut dolor');
insert into communities (id, name) values (95, 'diam id');
insert into communities (id, name) values (96, 'faucibus cursus');
insert into communities (id, name) values (97, 'integer ac neque');
insert into communities (id, name) values (98, 'sollicitudin mi');
insert into communities (id, name) values (99, 'vestibulum eget vulputate');
insert into communities (id, name) values (100, 'quam');
insert into communities (id, name) values (101, 'augue aliquam erat');

-- user_communities
insert into users_communities (user_id, community_id, is_admin) values (1, 46, false);
insert into users_communities (user_id, community_id, is_admin) values (2, 76, false);
insert into users_communities (user_id, community_id, is_admin) values (3, 5, true);
insert into users_communities (user_id, community_id, is_admin) values (4, 70, true);
insert into users_communities (user_id, community_id, is_admin) values (5, 15, false);
insert into users_communities (user_id, community_id, is_admin) values (6, 87, false);
insert into users_communities (user_id, community_id, is_admin) values (7, 56, true);
insert into users_communities (user_id, community_id, is_admin) values (8, 84, true);
insert into users_communities (user_id, community_id, is_admin) values (9, 8, true);
insert into users_communities (user_id, community_id, is_admin) values (10, 20, true);
insert into users_communities (user_id, community_id, is_admin) values (11, 68, true);
insert into users_communities (user_id, community_id, is_admin) values (12, 28, true);
insert into users_communities (user_id, community_id, is_admin) values (13, 38, false);
insert into users_communities (user_id, community_id, is_admin) values (14, 9, false);
insert into users_communities (user_id, community_id, is_admin) values (15, 28, true);
insert into users_communities (user_id, community_id, is_admin) values (16, 59, false);
insert into users_communities (user_id, community_id, is_admin) values (17, 83, false);
insert into users_communities (user_id, community_id, is_admin) values (18, 15, true);
insert into users_communities (user_id, community_id, is_admin) values (19, 2, true);
insert into users_communities (user_id, community_id, is_admin) values (20, 76, true);
insert into users_communities (user_id, community_id, is_admin) values (21, 49, false);
insert into users_communities (user_id, community_id, is_admin) values (22, 87, true);
insert into users_communities (user_id, community_id, is_admin) values (23, 95, false);
insert into users_communities (user_id, community_id, is_admin) values (24, 33, false);
insert into users_communities (user_id, community_id, is_admin) values (25, 64, false);
insert into users_communities (user_id, community_id, is_admin) values (26, 85, false);
insert into users_communities (user_id, community_id, is_admin) values (27, 26, true);
insert into users_communities (user_id, community_id, is_admin) values (28, 16, false);
insert into users_communities (user_id, community_id, is_admin) values (29, 30, true);
insert into users_communities (user_id, community_id, is_admin) values (30, 51, true);
insert into users_communities (user_id, community_id, is_admin) values (31, 38, true);
insert into users_communities (user_id, community_id, is_admin) values (32, 41, false);
insert into users_communities (user_id, community_id, is_admin) values (33, 26, false);
insert into users_communities (user_id, community_id, is_admin) values (34, 37, true);
insert into users_communities (user_id, community_id, is_admin) values (35, 60, true);
insert into users_communities (user_id, community_id, is_admin) values (36, 35, false);
insert into users_communities (user_id, community_id, is_admin) values (37, 72, false);
insert into users_communities (user_id, community_id, is_admin) values (38, 6, false);
insert into users_communities (user_id, community_id, is_admin) values (39, 63, true);
insert into users_communities (user_id, community_id, is_admin) values (40, 13, false);
insert into users_communities (user_id, community_id, is_admin) values (41, 72, false);
insert into users_communities (user_id, community_id, is_admin) values (42, 81, true);
insert into users_communities (user_id, community_id, is_admin) values (43, 29, false);
insert into users_communities (user_id, community_id, is_admin) values (44, 17, false);
insert into users_communities (user_id, community_id, is_admin) values (45, 60, false);
insert into users_communities (user_id, community_id, is_admin) values (46, 19, false);
insert into users_communities (user_id, community_id, is_admin) values (47, 81, true);
insert into users_communities (user_id, community_id, is_admin) values (48, 44, true);
insert into users_communities (user_id, community_id, is_admin) values (49, 26, true);
insert into users_communities (user_id, community_id, is_admin) values (50, 12, true);
insert into users_communities (user_id, community_id, is_admin) values (51, 21, true);
insert into users_communities (user_id, community_id, is_admin) values (52, 91, false);
insert into users_communities (user_id, community_id, is_admin) values (53, 5, true);
insert into users_communities (user_id, community_id, is_admin) values (54, 29, true);
insert into users_communities (user_id, community_id, is_admin) values (55, 46, false);
insert into users_communities (user_id, community_id, is_admin) values (56, 90, true);
insert into users_communities (user_id, community_id, is_admin) values (57, 17, true);
insert into users_communities (user_id, community_id, is_admin) values (58, 97, true);
insert into users_communities (user_id, community_id, is_admin) values (59, 13, true);
insert into users_communities (user_id, community_id, is_admin) values (60, 61, false);
insert into users_communities (user_id, community_id, is_admin) values (61, 33, true);
insert into users_communities (user_id, community_id, is_admin) values (62, 99, false);
insert into users_communities (user_id, community_id, is_admin) values (63, 60, false);
insert into users_communities (user_id, community_id, is_admin) values (64, 78, true);
insert into users_communities (user_id, community_id, is_admin) values (65, 96, true);
insert into users_communities (user_id, community_id, is_admin) values (66, 56, true);
insert into users_communities (user_id, community_id, is_admin) values (67, 67, true);
insert into users_communities (user_id, community_id, is_admin) values (68, 17, true);
insert into users_communities (user_id, community_id, is_admin) values (69, 41, false);
insert into users_communities (user_id, community_id, is_admin) values (70, 9, false);
insert into users_communities (user_id, community_id, is_admin) values (71, 69, true);
insert into users_communities (user_id, community_id, is_admin) values (72, 52, true);
insert into users_communities (user_id, community_id, is_admin) values (73, 68, false);
insert into users_communities (user_id, community_id, is_admin) values (74, 5, true);
insert into users_communities (user_id, community_id, is_admin) values (75, 77, false);
insert into users_communities (user_id, community_id, is_admin) values (76, 62, false);
insert into users_communities (user_id, community_id, is_admin) values (77, 8, true);
insert into users_communities (user_id, community_id, is_admin) values (78, 80, false);
insert into users_communities (user_id, community_id, is_admin) values (79, 23, false);
insert into users_communities (user_id, community_id, is_admin) values (80, 82, true);
insert into users_communities (user_id, community_id, is_admin) values (81, 88, true);
insert into users_communities (user_id, community_id, is_admin) values (82, 48, true);
insert into users_communities (user_id, community_id, is_admin) values (83, 49, true);
insert into users_communities (user_id, community_id, is_admin) values (84, 95, true);
insert into users_communities (user_id, community_id, is_admin) values (85, 81, false);
insert into users_communities (user_id, community_id, is_admin) values (86, 36, true);
insert into users_communities (user_id, community_id, is_admin) values (87, 36, true);
insert into users_communities (user_id, community_id, is_admin) values (88, 22, true);
insert into users_communities (user_id, community_id, is_admin) values (89, 40, true);
insert into users_communities (user_id, community_id, is_admin) values (90, 48, true);
insert into users_communities (user_id, community_id, is_admin) values (91, 95, true);
insert into users_communities (user_id, community_id, is_admin) values (92, 40, false);
insert into users_communities (user_id, community_id, is_admin) values (93, 69, true);
insert into users_communities (user_id, community_id, is_admin) values (94, 48, true);
insert into users_communities (user_id, community_id, is_admin) values (95, 66, false);
insert into users_communities (user_id, community_id, is_admin) values (96, 53, true);
insert into users_communities (user_id, community_id, is_admin) values (97, 6, true);
insert into users_communities (user_id, community_id, is_admin) values (98, 61, false);
insert into users_communities (user_id, community_id, is_admin) values (99, 98, true);
insert into users_communities (user_id, community_id, is_admin) values (100, 47, false);
insert into users_communities (user_id, community_id, is_admin) values (101, 89, true);

-- posts
insert into posts (id, user_id, body, metadata, created_at, updated_at) values (1, 55, 'In hac habitasse platea dictumst.', '[{},{},{},{}]', '2020-09-24 22:15:27', '2020-09-25 01:11:58');
insert into posts (id, user_id, body, metadata, created_at, updated_at) values (2, 55, 'Pellentesque eget nunc.', '[{},{}]', '2020-09-24 21:16:33', '2020-09-25 18:46:23');
insert into posts (id, user_id, body, metadata, created_at, updated_at) values (3, 20, 'Etiam pretium iaculis justo.', '[{},{},{},{}]', '2020-09-24 21:48:38', '2020-09-25 01:03:18');
insert into posts (id, user_id, body, metadata, created_at, updated_at) values (4, 7, 'Duis ac nibh.', '[{}]', '2020-09-24 15:45:29', '2020-09-25 04:05:02');
insert into posts (id, user_id, body, metadata, created_at, updated_at) values (5, 90, 'Pellentesque ultrices mattis odio.', '[{}]', '2020-09-24 15:06:15', '2020-09-25 03:01:58');
insert into posts (id, user_id, body, metadata, created_at, updated_at) values (6, 23, 'Mauris sit amet eros.', '[{}]', '2020-09-24 10:10:49', '2020-09-25 06:24:39');
insert into posts (id, user_id, body, metadata, created_at, updated_at) values (7, 44, 'Etiam pretium iaculis justo.', '[{},{},{},{},{}]', '2020-09-24 23:48:07', '2020-09-25 13:36:01');
insert into posts (id, user_id, body, metadata, created_at, updated_at) values (8, 88, 'Morbi non lectus.', '[{},{},{}]', '2020-09-24 12:47:33', '2020-09-25 02:49:16');
insert into posts (id, user_id, body, metadata, created_at, updated_at) values (9, 75, 'Sed accumsan felis.', '[{}]', '2020-09-24 13:47:53', '2020-09-25 15:16:24');
insert into posts (id, user_id, body, metadata, created_at, updated_at) values (10, 74, 'Pellentesque viverra pede ac diam.', '[{}]', '2020-09-24 15:23:18', '2020-09-25 08:54:45');
insert into posts (id, user_id, body, metadata, created_at, updated_at) values (11, 6, 'Nullam molestie nibh in lectus.', '[{},{}]', '2020-09-24 22:06:16', '2020-09-25 19:41:16');
insert into posts (id, user_id, body, metadata, created_at, updated_at) values (12, 2, 'Duis bibendum.', '[{},{},{},{},{}]', '2020-09-24 10:53:04', '2020-09-25 04:00:48');
insert into posts (id, user_id, body, metadata, created_at, updated_at) values (13, 70, 'Vestibulum ante ipsum primis in faucibus orci luctus et ultrices posuere cubilia Curae; Nulla dapibus dolor vel est.', '[{},{},{}]', '2020-09-24 21:34:32', '2020-09-25 15:20:22');
insert into posts (id, user_id, body, metadata, created_at, updated_at) values (14, 43, 'Nunc purus.', '[{},{}]', '2020-09-24 15:45:54', '2020-09-25 20:23:16');
insert into posts (id, user_id, body, metadata, created_at, updated_at) values (15, 65, 'Nunc nisl.', '[{}]', '2020-09-24 07:27:41', '2020-09-25 14:10:03');
insert into posts (id, user_id, body, metadata, created_at, updated_at) values (16, 96, 'Mauris ullamcorper purus sit amet nulla.', '[{},{}]', '2020-09-24 00:24:46', '2020-09-25 16:48:30');
insert into posts (id, user_id, body, metadata, created_at, updated_at) values (17, 23, 'Mauris lacinia sapien quis libero.', '[{},{},{},{},{}]', '2020-09-24 03:44:54', '2020-09-25 19:14:25');
insert into posts (id, user_id, body, metadata, created_at, updated_at) values (18, 63, 'In sagittis dui vel nisl.', '[{},{},{},{}]', '2020-09-24 17:40:04', '2020-09-25 05:16:08');
insert into posts (id, user_id, body, metadata, created_at, updated_at) values (19, 31, 'Cras mi pede, malesuada in, imperdiet et, commodo vulputate, justo.', '[{},{},{},{},{}]', '2020-09-24 11:42:45', '2020-09-25 18:35:27');
insert into posts (id, user_id, body, metadata, created_at, updated_at) values (20, 26, 'In sagittis dui vel nisl.', '[{},{},{}]', '2020-09-24 14:32:49', '2020-09-25 00:29:12');
insert into posts (id, user_id, body, metadata, created_at, updated_at) values (21, 60, 'In est risus, auctor sed, tristique in, tempus sit amet, sem.', '[{},{},{}]', '2020-09-24 07:03:24', '2020-09-25 17:05:05');
insert into posts (id, user_id, body, metadata, created_at, updated_at) values (22, 73, 'Nulla ac enim.', '[{},{},{},{},{}]', '2020-09-24 13:40:39', '2020-09-25 01:26:20');
insert into posts (id, user_id, body, metadata, created_at, updated_at) values (23, 43, 'Morbi non lectus.', '[{},{},{}]', '2020-09-24 04:24:06', '2020-09-25 23:39:45');
insert into posts (id, user_id, body, metadata, created_at, updated_at) values (24, 34, 'Cras pellentesque volutpat dui.', '[{},{},{}]', '2020-09-24 15:11:56', '2020-09-25 19:51:43');
insert into posts (id, user_id, body, metadata, created_at, updated_at) values (25, 5, 'Nunc rhoncus dui vel sem.', '[{},{},{},{},{}]', '2020-09-24 09:23:12', '2020-09-25 19:32:29');
insert into posts (id, user_id, body, metadata, created_at, updated_at) values (26, 98, 'Etiam faucibus cursus urna.', '[{},{}]', '2020-09-24 19:27:27', '2020-09-25 19:20:38');
insert into posts (id, user_id, body, metadata, created_at, updated_at) values (27, 82, 'Quisque erat eros, viverra eget, congue eget, semper rutrum, nulla.', '[{},{}]', '2020-09-24 02:30:37', '2020-09-25 17:19:38');
insert into posts (id, user_id, body, metadata, created_at, updated_at) values (28, 61, 'Proin interdum mauris non ligula pellentesque ultrices.', '[{}]', '2020-09-24 02:42:49', '2020-09-25 18:20:12');
insert into posts (id, user_id, body, metadata, created_at, updated_at) values (29, 42, 'Lorem ipsum dolor sit amet, consectetuer adipiscing elit.', '[{},{}]', '2020-09-24 05:20:15', '2020-09-25 01:50:14');
insert into posts (id, user_id, body, metadata, created_at, updated_at) values (30, 9, 'Nullam porttitor lacus at turpis.', '[{},{}]', '2020-09-24 00:07:54', '2020-09-25 13:33:34');
insert into posts (id, user_id, body, metadata, created_at, updated_at) values (31, 55, 'Maecenas leo odio, condimentum id, luctus nec, molestie sed, justo.', '[{},{},{}]', '2020-09-24 17:01:12', '2020-09-25 01:23:35');
insert into posts (id, user_id, body, metadata, created_at, updated_at) values (32, 94, 'Donec quis orci eget orci vehicula condimentum.', '[{},{},{},{},{}]', '2020-09-24 14:05:55', '2020-09-25 09:53:20');
insert into posts (id, user_id, body, metadata, created_at, updated_at) values (33, 68, 'Etiam faucibus cursus urna.', '[{},{},{},{}]', '2020-09-24 03:02:31', '2020-09-25 04:07:49');
insert into posts (id, user_id, body, metadata, created_at, updated_at) values (34, 85, 'Quisque erat eros, viverra eget, congue eget, semper rutrum, nulla.', '[{},{},{},{}]', '2020-09-24 17:29:05', '2020-09-25 19:18:32');
insert into posts (id, user_id, body, metadata, created_at, updated_at) values (35, 44, 'Vestibulum quam sapien, varius ut, blandit non, interdum in, ante.', '[{},{},{},{}]', '2020-09-24 01:06:36', '2020-09-25 00:42:53');
insert into posts (id, user_id, body, metadata, created_at, updated_at) values (36, 52, 'Quisque arcu libero, rutrum ac, lobortis vel, dapibus at, diam.', '[{}]', '2020-09-24 07:46:56', '2020-09-25 03:36:38');
insert into posts (id, user_id, body, metadata, created_at, updated_at) values (37, 66, 'Sed vel enim sit amet nunc viverra dapibus.', '[{}]', '2020-09-24 09:09:31', '2020-09-25 16:29:20');
insert into posts (id, user_id, body, metadata, created_at, updated_at) values (38, 88, 'Duis aliquam convallis nunc.', '[{},{}]', '2020-09-24 14:09:14', '2020-09-25 12:27:21');
insert into posts (id, user_id, body, metadata, created_at, updated_at) values (39, 73, 'Nunc rhoncus dui vel sem.', '[{},{},{},{},{}]', '2020-09-24 02:06:50', '2020-09-25 05:42:21');
insert into posts (id, user_id, body, metadata, created_at, updated_at) values (40, 62, 'Lorem ipsum dolor sit amet, consectetuer adipiscing elit.', '[{},{}]', '2020-09-24 06:54:15', '2020-09-25 20:51:39');
insert into posts (id, user_id, body, metadata, created_at, updated_at) values (41, 72, 'In congue.', '[{},{},{}]', '2020-09-24 19:27:06', '2020-09-25 23:31:34');
insert into posts (id, user_id, body, metadata, created_at, updated_at) values (42, 83, 'Sed ante.', '[{},{},{}]', '2020-09-24 08:35:24', '2020-09-25 17:44:01');
insert into posts (id, user_id, body, metadata, created_at, updated_at) values (43, 27, 'Phasellus sit amet erat.', '[{},{},{}]', '2020-09-24 17:39:44', '2020-09-25 00:24:53');
insert into posts (id, user_id, body, metadata, created_at, updated_at) values (44, 51, 'Duis ac nibh.', '[{},{},{},{}]', '2020-09-24 20:40:53', '2020-09-25 04:55:05');
insert into posts (id, user_id, body, metadata, created_at, updated_at) values (45, 50, 'Nam congue, risus semper porta volutpat, quam pede lobortis ligula, sit amet eleifend pede libero quis orci.', '[{},{},{},{},{}]', '2020-09-24 06:37:51', '2020-09-25 06:04:55');
insert into posts (id, user_id, body, metadata, created_at, updated_at) values (46, 28, 'Duis aliquam convallis nunc.', '[{},{},{}]', '2020-09-24 23:43:59', '2020-09-25 17:31:28');
insert into posts (id, user_id, body, metadata, created_at, updated_at) values (47, 58, 'Maecenas leo odio, condimentum id, luctus nec, molestie sed, justo.', '[{},{},{},{},{}]', '2020-09-24 10:05:54', '2020-09-25 17:43:29');
insert into posts (id, user_id, body, metadata, created_at, updated_at) values (48, 61, 'Praesent blandit lacinia erat.', '[{},{}]', '2020-09-24 15:53:16', '2020-09-25 07:15:54');
insert into posts (id, user_id, body, metadata, created_at, updated_at) values (49, 83, 'Nulla nisl.', '[{},{},{},{},{}]', '2020-09-24 21:23:25', '2020-09-25 04:15:47');
insert into posts (id, user_id, body, metadata, created_at, updated_at) values (50, 33, 'In eleifend quam a odio.', '[{},{}]', '2020-09-24 02:29:21', '2020-09-25 15:49:38');
insert into posts (id, user_id, body, metadata, created_at, updated_at) values (51, 6, 'Suspendisse potenti.', '[{},{},{}]', '2020-09-24 07:53:37', '2020-09-25 03:44:37');
insert into posts (id, user_id, body, metadata, created_at, updated_at) values (52, 56, 'In eleifend quam a odio.', '[{},{},{},{},{}]', '2020-09-24 08:19:00', '2020-09-25 05:35:04');
insert into posts (id, user_id, body, metadata, created_at, updated_at) values (53, 88, 'Curabitur at ipsum ac tellus semper interdum.', '[{}]', '2020-09-24 08:25:48', '2020-09-25 15:04:20');
insert into posts (id, user_id, body, metadata, created_at, updated_at) values (54, 94, 'Phasellus sit amet erat.', '[{},{}]', '2020-09-24 19:28:11', '2020-09-25 23:37:19');
insert into posts (id, user_id, body, metadata, created_at, updated_at) values (55, 73, 'Integer non velit.', '[{},{},{}]', '2020-09-24 07:14:46', '2020-09-25 11:26:55');
insert into posts (id, user_id, body, metadata, created_at, updated_at) values (56, 15, 'Sed vel enim sit amet nunc viverra dapibus.', '[{}]', '2020-09-24 03:25:16', '2020-09-25 00:08:36');
insert into posts (id, user_id, body, metadata, created_at, updated_at) values (57, 38, 'Duis bibendum.', '[{}]', '2020-09-24 07:55:48', '2020-09-25 16:57:15');
insert into posts (id, user_id, body, metadata, created_at, updated_at) values (58, 39, 'Aenean auctor gravida sem.', '[{},{},{},{},{}]', '2020-09-24 15:39:17', '2020-09-25 04:19:03');
insert into posts (id, user_id, body, metadata, created_at, updated_at) values (59, 14, 'Praesent lectus.', '[{}]', '2020-09-24 12:29:49', '2020-09-25 10:32:46');
insert into posts (id, user_id, body, metadata, created_at, updated_at) values (60, 58, 'Donec vitae nisi.', '[{},{},{},{}]', '2020-09-24 16:49:36', '2020-09-25 08:36:15');
insert into posts (id, user_id, body, metadata, created_at, updated_at) values (61, 89, 'Sed accumsan felis.', '[{},{},{},{},{}]', '2020-09-24 12:53:54', '2020-09-25 05:54:38');
insert into posts (id, user_id, body, metadata, created_at, updated_at) values (62, 96, 'Integer a nibh.', '[{},{},{},{},{}]', '2020-09-24 09:24:41', '2020-09-25 03:51:52');
insert into posts (id, user_id, body, metadata, created_at, updated_at) values (63, 20, 'Proin risus.', '[{},{},{}]', '2020-09-24 00:11:06', '2020-09-25 17:02:04');
insert into posts (id, user_id, body, metadata, created_at, updated_at) values (64, 90, 'Sed vel enim sit amet nunc viverra dapibus.', '[{}]', '2020-09-24 23:29:45', '2020-09-25 18:03:08');
insert into posts (id, user_id, body, metadata, created_at, updated_at) values (65, 95, 'Suspendisse ornare consequat lectus.', '[{},{},{}]', '2020-09-24 12:44:18', '2020-09-25 01:43:25');
insert into posts (id, user_id, body, metadata, created_at, updated_at) values (66, 84, 'Fusce congue, diam id ornare imperdiet, sapien urna pretium nisl, ut volutpat sapien arcu sed augue.', '[{},{},{},{}]', '2020-09-24 10:28:19', '2020-09-25 11:11:13');
insert into posts (id, user_id, body, metadata, created_at, updated_at) values (67, 32, 'Curabitur at ipsum ac tellus semper interdum.', '[{},{},{}]', '2020-09-24 00:17:43', '2020-09-25 19:15:16');
insert into posts (id, user_id, body, metadata, created_at, updated_at) values (68, 77, 'Maecenas tristique, est et tempus semper, est quam pharetra magna, ac consequat metus sapien ut nunc.', '[{},{},{},{}]', '2020-09-24 12:39:53', '2020-09-25 16:05:25');
insert into posts (id, user_id, body, metadata, created_at, updated_at) values (69, 65, 'Nulla ut erat id mauris vulputate elementum.', '[{},{},{},{}]', '2020-09-24 04:37:47', '2020-09-25 05:29:23');
insert into posts (id, user_id, body, metadata, created_at, updated_at) values (70, 45, 'Integer ac neque.', '[{},{},{},{}]', '2020-09-24 19:13:11', '2020-09-25 05:50:32');
insert into posts (id, user_id, body, metadata, created_at, updated_at) values (71, 43, 'Vestibulum ante ipsum primis in faucibus orci luctus et ultrices posuere cubilia Curae; Mauris viverra diam vitae quam.', '[{},{},{},{},{}]', '2020-09-24 05:03:16', '2020-09-25 06:28:04');
insert into posts (id, user_id, body, metadata, created_at, updated_at) values (72, 82, 'Vestibulum ac est lacinia nisi venenatis tristique.', '[{},{},{},{},{}]', '2020-09-24 05:07:21', '2020-09-25 09:11:38');
insert into posts (id, user_id, body, metadata, created_at, updated_at) values (73, 66, 'Fusce lacus purus, aliquet at, feugiat non, pretium quis, lectus.', '[{},{}]', '2020-09-24 20:34:48', '2020-09-25 12:01:03');
insert into posts (id, user_id, body, metadata, created_at, updated_at) values (74, 12, 'Duis ac nibh.', '[{}]', '2020-09-24 13:58:42', '2020-09-25 17:28:45');
insert into posts (id, user_id, body, metadata, created_at, updated_at) values (75, 93, 'Nulla facilisi.', '[{},{},{},{}]', '2020-09-24 12:47:24', '2020-09-25 11:02:43');
insert into posts (id, user_id, body, metadata, created_at, updated_at) values (76, 13, 'Nullam molestie nibh in lectus.', '[{},{}]', '2020-09-24 07:04:45', '2020-09-25 00:18:06');
insert into posts (id, user_id, body, metadata, created_at, updated_at) values (77, 22, 'Fusce posuere felis sed lacus.', '[{},{},{},{},{}]', '2020-09-24 04:47:15', '2020-09-25 06:20:52');
insert into posts (id, user_id, body, metadata, created_at, updated_at) values (78, 60, 'Suspendisse potenti.', '[{}]', '2020-09-24 02:11:43', '2020-09-25 05:53:39');
insert into posts (id, user_id, body, metadata, created_at, updated_at) values (79, 55, 'Etiam faucibus cursus urna.', '[{},{},{},{}]', '2020-09-24 22:26:41', '2020-09-25 21:54:52');
insert into posts (id, user_id, body, metadata, created_at, updated_at) values (80, 61, 'Integer pede justo, lacinia eget, tincidunt eget, tempus vel, pede.', '[{},{},{}]', '2020-09-24 14:12:47', '2020-09-25 14:22:41');
insert into posts (id, user_id, body, metadata, created_at, updated_at) values (81, 65, 'Quisque porta volutpat erat.', '[{},{}]', '2020-09-24 05:49:54', '2020-09-25 15:29:07');
insert into posts (id, user_id, body, metadata, created_at, updated_at) values (82, 83, 'Vivamus tortor.', '[{},{},{},{}]', '2020-09-24 08:50:06', '2020-09-25 23:30:18');
insert into posts (id, user_id, body, metadata, created_at, updated_at) values (83, 73, 'In est risus, auctor sed, tristique in, tempus sit amet, sem.', '[{},{}]', '2020-09-24 23:54:44', '2020-09-25 07:53:55');
insert into posts (id, user_id, body, metadata, created_at, updated_at) values (84, 52, 'Nulla tempus.', '[{},{}]', '2020-09-24 19:14:55', '2020-09-25 05:47:46');
insert into posts (id, user_id, body, metadata, created_at, updated_at) values (85, 83, 'Etiam vel augue.', '[{},{},{}]', '2020-09-24 02:51:46', '2020-09-25 09:31:53');
insert into posts (id, user_id, body, metadata, created_at, updated_at) values (86, 1, 'Vestibulum ante ipsum primis in faucibus orci luctus et ultrices posuere cubilia Curae; Mauris viverra diam vitae quam.', '[{}]', '2020-09-24 08:01:03', '2020-09-25 10:20:13');
insert into posts (id, user_id, body, metadata, created_at, updated_at) values (87, 15, 'Nulla tempus.', '[{},{},{},{}]', '2020-09-24 18:57:16', '2020-09-25 07:28:09');
insert into posts (id, user_id, body, metadata, created_at, updated_at) values (88, 92, 'Integer pede justo, lacinia eget, tincidunt eget, tempus vel, pede.', '[{},{}]', '2020-09-24 16:02:44', '2020-09-25 02:25:48');
insert into posts (id, user_id, body, metadata, created_at, updated_at) values (89, 37, 'Etiam justo.', '[{},{},{},{}]', '2020-09-24 20:29:23', '2020-09-25 14:42:45');
insert into posts (id, user_id, body, metadata, created_at, updated_at) values (90, 9, 'Proin risus.', '[{}]', '2020-09-24 15:02:30', '2020-09-25 04:32:03');
insert into posts (id, user_id, body, metadata, created_at, updated_at) values (91, 32, 'Etiam justo.', '[{}]', '2020-09-24 06:01:00', '2020-09-25 12:27:36');
insert into posts (id, user_id, body, metadata, created_at, updated_at) values (92, 31, 'Ut tellus.', '[{},{},{},{}]', '2020-09-24 13:21:14', '2020-09-25 06:21:52');
insert into posts (id, user_id, body, metadata, created_at, updated_at) values (93, 23, 'Maecenas rhoncus aliquam lacus.', '[{},{},{},{}]', '2020-09-24 23:00:11', '2020-09-25 01:04:32');
insert into posts (id, user_id, body, metadata, created_at, updated_at) values (94, 53, 'Aenean sit amet justo.', '[{}]', '2020-09-24 18:07:36', '2020-09-25 03:54:48');
insert into posts (id, user_id, body, metadata, created_at, updated_at) values (95, 68, 'Nullam sit amet turpis elementum ligula vehicula consequat.', '[{}]', '2020-09-24 01:37:43', '2020-09-25 15:29:15');
insert into posts (id, user_id, body, metadata, created_at, updated_at) values (96, 63, 'Quisque ut erat.', '[{},{}]', '2020-09-24 09:23:13', '2020-09-25 17:52:58');
insert into posts (id, user_id, body, metadata, created_at, updated_at) values (97, 87, 'Ut at dolor quis odio consequat varius.', '[{},{}]', '2020-09-24 23:17:56', '2020-09-25 22:48:54');
insert into posts (id, user_id, body, metadata, created_at, updated_at) values (98, 41, 'Nullam orci pede, venenatis non, sodales sed, tincidunt eu, felis.', '[{}]', '2020-09-24 08:00:08', '2020-09-25 18:56:16');
insert into posts (id, user_id, body, metadata, created_at, updated_at) values (99, 91, 'Ut at dolor quis odio consequat varius.', '[{},{},{}]', '2020-09-24 23:26:02', '2020-09-25 20:13:00');
insert into posts (id, user_id, body, metadata, created_at, updated_at) values (100, 2, 'Sed ante.', '[{}]', '2020-09-24 21:12:51', '2020-09-25 04:58:12');
insert into posts (id, user_id, body, metadata, created_at, updated_at) values (101, 69, 'Donec odio justo, sollicitudin ut, suscipit a, feugiat et, eros.', '[{},{},{}]', '2020-09-24 05:31:41', '2020-09-25 14:22:41');

-- comments
insert into comments (id, user_id, post_id, body, created_at, updated_at) values (1, 70, 5, 'Cum sociis natoque penatibus et magnis dis parturient montes, nascetur ridiculus mus.', '2020-09-24 05:31:11', '2020-09-25 03:15:39');
insert into comments (id, user_id, post_id, body, created_at, updated_at) values (2, 82, 34, 'Vivamus vel nulla eget eros elementum pellentesque.', '2020-09-24 11:46:26', '2020-09-25 12:29:28');
insert into comments (id, user_id, post_id, body, created_at, updated_at) values (3, 75, 25, 'Vestibulum ante ipsum primis in faucibus orci luctus et ultrices posuere cubilia Curae; Donec pharetra, magna vestibulum aliquet ultrices, erat tortor sollicitudin mi, sit amet lobortis sapien sapien non mi.', '2020-09-24 05:14:16', '2020-09-25 19:56:44');
insert into comments (id, user_id, post_id, body, created_at, updated_at) values (4, 66, 37, 'Aenean fermentum.', '2020-09-24 08:36:03', '2020-09-25 20:44:03');
insert into comments (id, user_id, post_id, body, created_at, updated_at) values (5, 33, 4, 'Quisque arcu libero, rutrum ac, lobortis vel, dapibus at, diam.', '2020-09-24 04:20:47', '2020-09-25 18:36:44');
insert into comments (id, user_id, post_id, body, created_at, updated_at) values (6, 67, 27, 'Curabitur in libero ut massa volutpat convallis.', '2020-09-24 11:37:38', '2020-09-25 13:03:10');
insert into comments (id, user_id, post_id, body, created_at, updated_at) values (7, 16, 35, 'Aliquam non mauris.', '2020-09-24 06:29:17', '2020-09-25 15:54:09');
insert into comments (id, user_id, post_id, body, created_at, updated_at) values (8, 27, 32, 'Suspendisse accumsan tortor quis turpis.', '2020-09-24 06:40:34', '2020-09-25 17:25:18');
insert into comments (id, user_id, post_id, body, created_at, updated_at) values (9, 58, 55, 'Integer non velit.', '2020-09-24 14:55:09', '2020-09-25 20:51:32');
insert into comments (id, user_id, post_id, body, created_at, updated_at) values (10, 101, 4, 'Fusce congue, diam id ornare imperdiet, sapien urna pretium nisl, ut volutpat sapien arcu sed augue.', '2020-09-24 03:23:33', '2020-09-25 20:11:19');
insert into comments (id, user_id, post_id, body, created_at, updated_at) values (11, 51, 75, 'Nulla facilisi.', '2020-09-24 10:54:26', '2020-09-25 15:45:19');
insert into comments (id, user_id, post_id, body, created_at, updated_at) values (12, 63, 90, 'Sed ante.', '2020-09-24 18:15:40', '2020-09-25 15:16:33');
insert into comments (id, user_id, post_id, body, created_at, updated_at) values (13, 85, 35, 'Sed vel enim sit amet nunc viverra dapibus.', '2020-09-24 06:06:18', '2020-09-25 09:01:46');
insert into comments (id, user_id, post_id, body, created_at, updated_at) values (14, 77, 77, 'Fusce congue, diam id ornare imperdiet, sapien urna pretium nisl, ut volutpat sapien arcu sed augue.', '2020-09-24 06:54:12', '2020-09-25 04:29:25');
insert into comments (id, user_id, post_id, body, created_at, updated_at) values (15, 97, 63, 'Nulla suscipit ligula in lacus.', '2020-09-24 01:12:33', '2020-09-25 07:03:05');
insert into comments (id, user_id, post_id, body, created_at, updated_at) values (16, 64, 89, 'Quisque ut erat.', '2020-09-24 21:09:05', '2020-09-25 15:55:19');
insert into comments (id, user_id, post_id, body, created_at, updated_at) values (17, 89, 26, 'Cras mi pede, malesuada in, imperdiet et, commodo vulputate, justo.', '2020-09-24 11:03:31', '2020-09-25 17:56:01');
insert into comments (id, user_id, post_id, body, created_at, updated_at) values (18, 34, 30, 'Phasellus in felis.', '2020-09-24 03:12:03', '2020-09-25 02:51:05');
insert into comments (id, user_id, post_id, body, created_at, updated_at) values (19, 63, 71, 'Aenean auctor gravida sem.', '2020-09-24 07:53:44', '2020-09-25 17:53:46');
insert into comments (id, user_id, post_id, body, created_at, updated_at) values (20, 16, 33, 'Praesent id massa id nisl venenatis lacinia.', '2020-09-24 18:54:33', '2020-09-25 12:20:24');
insert into comments (id, user_id, post_id, body, created_at, updated_at) values (21, 40, 42, 'Phasellus sit amet erat.', '2020-09-24 20:21:27', '2020-09-25 10:56:15');
insert into comments (id, user_id, post_id, body, created_at, updated_at) values (22, 52, 95, 'Cras pellentesque volutpat dui.', '2020-09-24 09:03:02', '2020-09-25 10:41:53');
insert into comments (id, user_id, post_id, body, created_at, updated_at) values (23, 17, 98, 'In est risus, auctor sed, tristique in, tempus sit amet, sem.', '2020-09-24 05:30:58', '2020-09-25 19:14:07');
insert into comments (id, user_id, post_id, body, created_at, updated_at) values (24, 100, 89, 'Maecenas tristique, est et tempus semper, est quam pharetra magna, ac consequat metus sapien ut nunc.', '2020-09-24 04:35:52', '2020-09-25 12:00:46');
insert into comments (id, user_id, post_id, body, created_at, updated_at) values (25, 21, 6, 'Praesent blandit.', '2020-09-24 18:50:43', '2020-09-25 13:58:28');
insert into comments (id, user_id, post_id, body, created_at, updated_at) values (26, 71, 82, 'Nulla tempus.', '2020-09-24 03:29:49', '2020-09-25 05:25:24');
insert into comments (id, user_id, post_id, body, created_at, updated_at) values (27, 45, 89, 'Maecenas tincidunt lacus at velit.', '2020-09-24 21:26:18', '2020-09-25 00:24:52');
insert into comments (id, user_id, post_id, body, created_at, updated_at) values (28, 72, 68, 'Nullam sit amet turpis elementum ligula vehicula consequat.', '2020-09-24 22:49:47', '2020-09-25 03:06:12');
insert into comments (id, user_id, post_id, body, created_at, updated_at) values (29, 58, 11, 'In quis justo.', '2020-09-24 20:48:36', '2020-09-25 04:24:04');
insert into comments (id, user_id, post_id, body, created_at, updated_at) values (30, 40, 75, 'Ut at dolor quis odio consequat varius.', '2020-09-24 19:37:11', '2020-09-25 09:13:19');
insert into comments (id, user_id, post_id, body, created_at, updated_at) values (31, 93, 7, 'Sed accumsan felis.', '2020-09-24 12:46:17', '2020-09-25 04:15:16');
insert into comments (id, user_id, post_id, body, created_at, updated_at) values (32, 58, 25, 'Nullam molestie nibh in lectus.', '2020-09-24 02:32:08', '2020-09-25 10:29:00');
insert into comments (id, user_id, post_id, body, created_at, updated_at) values (33, 46, 80, 'Integer ac neque.', '2020-09-24 09:30:01', '2020-09-25 06:05:56');
insert into comments (id, user_id, post_id, body, created_at, updated_at) values (34, 62, 27, 'Donec diam neque, vestibulum eget, vulputate ut, ultrices vel, augue.', '2020-09-24 09:59:14', '2020-09-25 11:24:17');
insert into comments (id, user_id, post_id, body, created_at, updated_at) values (35, 21, 23, 'Fusce lacus purus, aliquet at, feugiat non, pretium quis, lectus.', '2020-09-24 01:10:11', '2020-09-25 16:48:03');
insert into comments (id, user_id, post_id, body, created_at, updated_at) values (36, 64, 86, 'In tempor, turpis nec euismod scelerisque, quam turpis adipiscing lorem, vitae mattis nibh ligula nec sem.', '2020-09-24 14:46:35', '2020-09-25 16:47:05');
insert into comments (id, user_id, post_id, body, created_at, updated_at) values (37, 8, 53, 'Aliquam sit amet diam in magna bibendum imperdiet.', '2020-09-24 06:36:21', '2020-09-25 21:51:44');
insert into comments (id, user_id, post_id, body, created_at, updated_at) values (38, 72, 55, 'Etiam justo.', '2020-09-24 23:11:28', '2020-09-25 02:35:40');
insert into comments (id, user_id, post_id, body, created_at, updated_at) values (39, 84, 40, 'Integer a nibh.', '2020-09-24 16:43:58', '2020-09-25 04:28:29');
insert into comments (id, user_id, post_id, body, created_at, updated_at) values (40, 93, 64, 'Quisque arcu libero, rutrum ac, lobortis vel, dapibus at, diam.', '2020-09-24 16:28:03', '2020-09-25 05:40:56');
insert into comments (id, user_id, post_id, body, created_at, updated_at) values (41, 72, 25, 'Duis bibendum, felis sed interdum venenatis, turpis enim blandit mi, in porttitor pede justo eu massa.', '2020-09-24 21:08:46', '2020-09-25 08:11:45');
insert into comments (id, user_id, post_id, body, created_at, updated_at) values (42, 35, 29, 'In tempor, turpis nec euismod scelerisque, quam turpis adipiscing lorem, vitae mattis nibh ligula nec sem.', '2020-09-24 05:54:41', '2020-09-25 02:05:33');
insert into comments (id, user_id, post_id, body, created_at, updated_at) values (43, 22, 33, 'Quisque porta volutpat erat.', '2020-09-24 02:59:24', '2020-09-25 20:18:02');
insert into comments (id, user_id, post_id, body, created_at, updated_at) values (44, 45, 74, 'Lorem ipsum dolor sit amet, consectetuer adipiscing elit.', '2020-09-24 18:33:52', '2020-09-25 13:55:11');
insert into comments (id, user_id, post_id, body, created_at, updated_at) values (45, 33, 15, 'Vestibulum sed magna at nunc commodo placerat.', '2020-09-24 11:36:31', '2020-09-25 11:25:02');
insert into comments (id, user_id, post_id, body, created_at, updated_at) values (46, 59, 74, 'Lorem ipsum dolor sit amet, consectetuer adipiscing elit.', '2020-09-24 07:26:22', '2020-09-25 17:17:08');
insert into comments (id, user_id, post_id, body, created_at, updated_at) values (47, 3, 1, 'In eleifend quam a odio.', '2020-09-24 07:45:18', '2020-09-25 00:23:09');
insert into comments (id, user_id, post_id, body, created_at, updated_at) values (48, 8, 50, 'Morbi non quam nec dui luctus rutrum.', '2020-09-24 10:37:53', '2020-09-25 09:04:42');
insert into comments (id, user_id, post_id, body, created_at, updated_at) values (49, 64, 50, 'Nullam sit amet turpis elementum ligula vehicula consequat.', '2020-09-24 03:57:12', '2020-09-25 10:47:12');
insert into comments (id, user_id, post_id, body, created_at, updated_at) values (50, 91, 87, 'Phasellus in felis.', '2020-09-24 02:39:00', '2020-09-25 14:03:47');
insert into comments (id, user_id, post_id, body, created_at, updated_at) values (51, 13, 44, 'Maecenas tincidunt lacus at velit.', '2020-09-24 11:07:13', '2020-09-25 09:09:20');
insert into comments (id, user_id, post_id, body, created_at, updated_at) values (52, 12, 26, 'Nam congue, risus semper porta volutpat, quam pede lobortis ligula, sit amet eleifend pede libero quis orci.', '2020-09-24 06:41:15', '2020-09-25 20:33:28');
insert into comments (id, user_id, post_id, body, created_at, updated_at) values (53, 44, 84, 'Integer aliquet, massa id lobortis convallis, tortor risus dapibus augue, vel accumsan tellus nisi eu orci.', '2020-09-24 11:57:13', '2020-09-25 04:14:09');
insert into comments (id, user_id, post_id, body, created_at, updated_at) values (54, 10, 12, 'Proin at turpis a pede posuere nonummy.', '2020-09-24 12:10:15', '2020-09-25 22:45:27');
insert into comments (id, user_id, post_id, body, created_at, updated_at) values (55, 81, 97, 'Praesent lectus.', '2020-09-24 07:27:39', '2020-09-25 05:24:10');
insert into comments (id, user_id, post_id, body, created_at, updated_at) values (56, 32, 38, 'Integer tincidunt ante vel ipsum.', '2020-09-24 21:32:49', '2020-09-25 05:34:59');
insert into comments (id, user_id, post_id, body, created_at, updated_at) values (57, 90, 22, 'Vestibulum ante ipsum primis in faucibus orci luctus et ultrices posuere cubilia Curae; Mauris viverra diam vitae quam.', '2020-09-24 05:43:38', '2020-09-25 05:53:19');
insert into comments (id, user_id, post_id, body, created_at, updated_at) values (58, 75, 76, 'Morbi a ipsum.', '2020-09-24 17:54:28', '2020-09-25 13:38:12');
insert into comments (id, user_id, post_id, body, created_at, updated_at) values (59, 83, 100, 'Morbi non lectus.', '2020-09-24 15:07:45', '2020-09-25 02:10:58');
insert into comments (id, user_id, post_id, body, created_at, updated_at) values (60, 42, 15, 'Etiam pretium iaculis justo.', '2020-09-24 12:52:53', '2020-09-25 01:05:33');
insert into comments (id, user_id, post_id, body, created_at, updated_at) values (61, 23, 50, 'Donec vitae nisi.', '2020-09-24 21:51:40', '2020-09-25 05:52:46');
insert into comments (id, user_id, post_id, body, created_at, updated_at) values (62, 9, 87, 'Mauris enim leo, rhoncus sed, vestibulum sit amet, cursus id, turpis.', '2020-09-24 17:33:26', '2020-09-25 14:10:49');
insert into comments (id, user_id, post_id, body, created_at, updated_at) values (63, 75, 26, 'Morbi quis tortor id nulla ultrices aliquet.', '2020-09-24 23:20:35', '2020-09-25 23:44:07');
insert into comments (id, user_id, post_id, body, created_at, updated_at) values (64, 82, 10, 'Sed vel enim sit amet nunc viverra dapibus.', '2020-09-24 23:43:22', '2020-09-25 08:27:56');
insert into comments (id, user_id, post_id, body, created_at, updated_at) values (65, 26, 47, 'Cum sociis natoque penatibus et magnis dis parturient montes, nascetur ridiculus mus.', '2020-09-24 06:51:57', '2020-09-25 22:04:28');
insert into comments (id, user_id, post_id, body, created_at, updated_at) values (66, 64, 94, 'Vivamus metus arcu, adipiscing molestie, hendrerit at, vulputate vitae, nisl.', '2020-09-24 05:47:32', '2020-09-25 16:03:51');
insert into comments (id, user_id, post_id, body, created_at, updated_at) values (67, 15, 91, 'Mauris ullamcorper purus sit amet nulla.', '2020-09-24 23:23:38', '2020-09-25 16:06:52');
insert into comments (id, user_id, post_id, body, created_at, updated_at) values (68, 67, 65, 'Maecenas ut massa quis augue luctus tincidunt.', '2020-09-24 20:58:28', '2020-09-25 21:59:16');
insert into comments (id, user_id, post_id, body, created_at, updated_at) values (69, 94, 84, 'Cras mi pede, malesuada in, imperdiet et, commodo vulputate, justo.', '2020-09-24 07:15:56', '2020-09-25 03:49:53');
insert into comments (id, user_id, post_id, body, created_at, updated_at) values (70, 19, 31, 'Proin leo odio, porttitor id, consequat in, consequat ut, nulla.', '2020-09-24 12:40:38', '2020-09-25 00:50:04');
insert into comments (id, user_id, post_id, body, created_at, updated_at) values (71, 68, 46, 'Curabitur convallis.', '2020-09-24 05:13:25', '2020-09-25 08:14:31');
insert into comments (id, user_id, post_id, body, created_at, updated_at) values (72, 54, 55, 'Morbi odio odio, elementum eu, interdum eu, tincidunt in, leo.', '2020-09-24 03:48:41', '2020-09-25 17:04:54');
insert into comments (id, user_id, post_id, body, created_at, updated_at) values (73, 59, 19, 'Duis mattis egestas metus.', '2020-09-24 08:22:22', '2020-09-25 05:53:34');
insert into comments (id, user_id, post_id, body, created_at, updated_at) values (74, 69, 90, 'Suspendisse ornare consequat lectus.', '2020-09-24 01:18:16', '2020-09-25 00:57:25');
insert into comments (id, user_id, post_id, body, created_at, updated_at) values (75, 59, 19, 'In hac habitasse platea dictumst.', '2020-09-24 12:40:05', '2020-09-25 03:25:21');
insert into comments (id, user_id, post_id, body, created_at, updated_at) values (76, 6, 81, 'In hac habitasse platea dictumst.', '2020-09-24 13:38:00', '2020-09-25 13:00:37');
insert into comments (id, user_id, post_id, body, created_at, updated_at) values (77, 89, 90, 'Duis at velit eu est congue elementum.', '2020-09-24 08:18:29', '2020-09-25 21:40:49');
insert into comments (id, user_id, post_id, body, created_at, updated_at) values (78, 22, 55, 'Integer aliquet, massa id lobortis convallis, tortor risus dapibus augue, vel accumsan tellus nisi eu orci.', '2020-09-24 02:22:20', '2020-09-25 02:30:07');
insert into comments (id, user_id, post_id, body, created_at, updated_at) values (79, 54, 98, 'Fusce consequat.', '2020-09-24 20:52:24', '2020-09-25 08:27:05');
insert into comments (id, user_id, post_id, body, created_at, updated_at) values (80, 39, 44, 'Proin interdum mauris non ligula pellentesque ultrices.', '2020-09-24 15:08:43', '2020-09-25 12:30:56');
insert into comments (id, user_id, post_id, body, created_at, updated_at) values (81, 46, 59, 'Maecenas tristique, est et tempus semper, est quam pharetra magna, ac consequat metus sapien ut nunc.', '2020-09-24 17:15:28', '2020-09-25 09:07:01');
insert into comments (id, user_id, post_id, body, created_at, updated_at) values (82, 92, 19, 'Praesent lectus.', '2020-09-24 13:01:08', '2020-09-25 07:36:16');
insert into comments (id, user_id, post_id, body, created_at, updated_at) values (83, 65, 49, 'Nulla mollis molestie lorem.', '2020-09-24 07:13:29', '2020-09-25 14:10:41');
insert into comments (id, user_id, post_id, body, created_at, updated_at) values (84, 50, 9, 'Quisque arcu libero, rutrum ac, lobortis vel, dapibus at, diam.', '2020-09-24 22:48:00', '2020-09-25 06:40:44');
insert into comments (id, user_id, post_id, body, created_at, updated_at) values (85, 100, 54, 'Quisque ut erat.', '2020-09-24 17:45:48', '2020-09-25 17:10:00');
insert into comments (id, user_id, post_id, body, created_at, updated_at) values (86, 71, 21, 'Morbi a ipsum.', '2020-09-24 19:00:28', '2020-09-25 18:19:04');
insert into comments (id, user_id, post_id, body, created_at, updated_at) values (87, 38, 61, 'Nunc purus.', '2020-09-24 01:23:24', '2020-09-25 09:56:02');
insert into comments (id, user_id, post_id, body, created_at, updated_at) values (88, 24, 52, 'Duis mattis egestas metus.', '2020-09-24 17:30:41', '2020-09-25 04:33:24');
insert into comments (id, user_id, post_id, body, created_at, updated_at) values (89, 85, 9, 'Quisque ut erat.', '2020-09-24 13:38:21', '2020-09-25 16:56:19');
insert into comments (id, user_id, post_id, body, created_at, updated_at) values (90, 87, 12, 'Morbi vestibulum, velit id pretium iaculis, diam erat fermentum justo, nec condimentum neque sapien placerat ante.', '2020-09-24 20:59:47', '2020-09-25 23:19:40');
insert into comments (id, user_id, post_id, body, created_at, updated_at) values (91, 58, 9, 'Proin leo odio, porttitor id, consequat in, consequat ut, nulla.', '2020-09-24 12:21:29', '2020-09-25 08:40:03');
insert into comments (id, user_id, post_id, body, created_at, updated_at) values (92, 64, 78, 'Quisque erat eros, viverra eget, congue eget, semper rutrum, nulla.', '2020-09-24 01:05:52', '2020-09-25 05:25:13');
insert into comments (id, user_id, post_id, body, created_at, updated_at) values (93, 57, 94, 'Maecenas tincidunt lacus at velit.', '2020-09-24 19:15:49', '2020-09-25 16:48:58');
insert into comments (id, user_id, post_id, body, created_at, updated_at) values (94, 44, 69, 'Morbi non quam nec dui luctus rutrum.', '2020-09-24 04:11:37', '2020-09-25 16:11:17');
insert into comments (id, user_id, post_id, body, created_at, updated_at) values (95, 57, 101, 'Nulla ac enim.', '2020-09-24 14:12:45', '2020-09-25 16:20:54');
insert into comments (id, user_id, post_id, body, created_at, updated_at) values (96, 12, 79, 'Maecenas tristique, est et tempus semper, est quam pharetra magna, ac consequat metus sapien ut nunc.', '2020-09-24 07:36:01', '2020-09-25 11:30:13');
insert into comments (id, user_id, post_id, body, created_at, updated_at) values (97, 2, 7, 'Suspendisse potenti.', '2020-09-24 19:50:46', '2020-09-25 14:05:30');
insert into comments (id, user_id, post_id, body, created_at, updated_at) values (98, 26, 52, 'Praesent blandit lacinia erat.', '2020-09-24 08:41:25', '2020-09-25 17:00:30');
insert into comments (id, user_id, post_id, body, created_at, updated_at) values (99, 23, 59, 'Nullam molestie nibh in lectus.', '2020-09-24 21:02:08', '2020-09-25 05:18:49');
insert into comments (id, user_id, post_id, body, created_at, updated_at) values (100, 39, 21, 'Proin risus.', '2020-09-24 00:19:19', '2020-09-25 23:24:21');
insert into comments (id, user_id, post_id, body, created_at, updated_at) values (101, 46, 20, 'In eleifend quam a odio.', '2020-09-24 18:14:13', '2020-09-25 11:55:24');

-- photos
insert into photos (id, user_id, description, filename) values (1, 100, 'Morbi ut odio.', 'https://robohash.org/rerumvoluptasiure.png?size=50x50&set=set1');
insert into photos (id, user_id, description, filename) values (2, 69, 'Nulla facilisi.', 'https://robohash.org/eaetautem.png?size=50x50&set=set1');
insert into photos (id, user_id, description, filename) values (3, 50, 'Nullam molestie nibh in lectus.', 'https://robohash.org/laboremollitiaomnis.png?size=50x50&set=set1');
insert into photos (id, user_id, description, filename) values (4, 87, 'Praesent lectus.', 'https://robohash.org/utquiapossimus.png?size=50x50&set=set1');
insert into photos (id, user_id, description, filename) values (5, 76, 'Aliquam quis turpis eget elit sodales scelerisque.', 'https://robohash.org/quimagniut.png?size=50x50&set=set1');
insert into photos (id, user_id, description, filename) values (6, 51, 'Donec diam neque, vestibulum eget, vulputate ut, ultrices vel, augue.', 'https://robohash.org/dolorestad.png?size=50x50&set=set1');
insert into photos (id, user_id, description, filename) values (7, 94, 'Nam nulla.', 'https://robohash.org/debitisquidicta.png?size=50x50&set=set1');
insert into photos (id, user_id, description, filename) values (8, 64, 'In est risus, auctor sed, tristique in, tempus sit amet, sem.', 'https://robohash.org/quiinventoreut.png?size=50x50&set=set1');
insert into photos (id, user_id, description, filename) values (9, 19, 'Mauris lacinia sapien quis libero.', 'https://robohash.org/noncorporisvel.png?size=50x50&set=set1');
insert into photos (id, user_id, description, filename) values (10, 22, 'Morbi sem mauris, laoreet ut, rhoncus aliquet, pulvinar sed, nisl.', 'https://robohash.org/pariaturveniampossimus.png?size=50x50&set=set1');
insert into photos (id, user_id, description, filename) values (11, 4, 'Praesent lectus.', 'https://robohash.org/totamprovidentsaepe.png?size=50x50&set=set1');
insert into photos (id, user_id, description, filename) values (12, 34, 'Duis bibendum, felis sed interdum venenatis, turpis enim blandit mi, in porttitor pede justo eu massa.', 'https://robohash.org/oditautreiciendis.png?size=50x50&set=set1');
insert into photos (id, user_id, description, filename) values (13, 48, 'Quisque ut erat.', 'https://robohash.org/sapientecupiditatereiciendis.png?size=50x50&set=set1');
insert into photos (id, user_id, description, filename) values (14, 77, 'Quisque erat eros, viverra eget, congue eget, semper rutrum, nulla.', 'https://robohash.org/etvelitvoluptas.png?size=50x50&set=set1');
insert into photos (id, user_id, description, filename) values (15, 98, 'Nullam molestie nibh in lectus.', 'https://robohash.org/inventorerationesint.png?size=50x50&set=set1');
insert into photos (id, user_id, description, filename) values (16, 18, 'Praesent id massa id nisl venenatis lacinia.', 'https://robohash.org/quasnobisblanditiis.png?size=50x50&set=set1');
insert into photos (id, user_id, description, filename) values (17, 45, 'Pellentesque at nulla.', 'https://robohash.org/temporeconsequaturest.png?size=50x50&set=set1');
insert into photos (id, user_id, description, filename) values (18, 45, 'Vestibulum ante ipsum primis in faucibus orci luctus et ultrices posuere cubilia Curae; Nulla dapibus dolor vel est.', 'https://robohash.org/pariaturaliquamdignissimos.png?size=50x50&set=set1');
insert into photos (id, user_id, description, filename) values (19, 3, 'Cras in purus eu magna vulputate luctus.', 'https://robohash.org/quoprovidentdelectus.png?size=50x50&set=set1');
insert into photos (id, user_id, description, filename) values (20, 52, 'Aenean auctor gravida sem.', 'https://robohash.org/quisquamquidemmollitia.png?size=50x50&set=set1');
insert into photos (id, user_id, description, filename) values (21, 55, 'In quis justo.', 'https://robohash.org/repellatnamin.png?size=50x50&set=set1');
insert into photos (id, user_id, description, filename) values (22, 78, 'Nullam orci pede, venenatis non, sodales sed, tincidunt eu, felis.', 'https://robohash.org/autemveroexcepturi.png?size=50x50&set=set1');
insert into photos (id, user_id, description, filename) values (23, 67, 'Quisque porta volutpat erat.', 'https://robohash.org/evenietomnisquia.png?size=50x50&set=set1');
insert into photos (id, user_id, description, filename) values (24, 17, 'Mauris sit amet eros.', 'https://robohash.org/deseruntvitaeconsequuntur.png?size=50x50&set=set1');
insert into photos (id, user_id, description, filename) values (25, 3, 'Duis aliquam convallis nunc.', 'https://robohash.org/molestiaenonqui.png?size=50x50&set=set1');
insert into photos (id, user_id, description, filename) values (26, 59, 'Nunc nisl.', 'https://robohash.org/odiosedet.png?size=50x50&set=set1');
insert into photos (id, user_id, description, filename) values (27, 70, 'Morbi ut odio.', 'https://robohash.org/deleniticorporisconsectetur.png?size=50x50&set=set1');
insert into photos (id, user_id, description, filename) values (28, 98, 'Nunc nisl.', 'https://robohash.org/temporeconsecteturaut.png?size=50x50&set=set1');
insert into photos (id, user_id, description, filename) values (29, 3, 'Nullam orci pede, venenatis non, sodales sed, tincidunt eu, felis.', 'https://robohash.org/accusamusdictaeaque.png?size=50x50&set=set1');
insert into photos (id, user_id, description, filename) values (30, 47, 'Ut tellus.', 'https://robohash.org/explicabocommodiaccusantium.png?size=50x50&set=set1');
insert into photos (id, user_id, description, filename) values (31, 49, 'Lorem ipsum dolor sit amet, consectetuer adipiscing elit.', 'https://robohash.org/etdistinctioasperiores.png?size=50x50&set=set1');
insert into photos (id, user_id, description, filename) values (32, 9, 'Duis ac nibh.', 'https://robohash.org/eosvoluptatemcumque.png?size=50x50&set=set1');
insert into photos (id, user_id, description, filename) values (33, 18, 'Vestibulum ac est lacinia nisi venenatis tristique.', 'https://robohash.org/corruptiquisquama.png?size=50x50&set=set1');
insert into photos (id, user_id, description, filename) values (34, 35, 'Vestibulum ante ipsum primis in faucibus orci luctus et ultrices posuere cubilia Curae; Donec pharetra, magna vestibulum aliquet ultrices, erat tortor sollicitudin mi, sit amet lobortis sapien sapien non mi.', 'https://robohash.org/autemdignissimoset.png?size=50x50&set=set1');
insert into photos (id, user_id, description, filename) values (35, 14, 'Vestibulum ante ipsum primis in faucibus orci luctus et ultrices posuere cubilia Curae; Nulla dapibus dolor vel est.', 'https://robohash.org/ametprovidentomnis.png?size=50x50&set=set1');
insert into photos (id, user_id, description, filename) values (36, 20, 'Duis at velit eu est congue elementum.', 'https://robohash.org/utmagnamut.png?size=50x50&set=set1');
insert into photos (id, user_id, description, filename) values (37, 26, 'Suspendisse potenti.', 'https://robohash.org/voluptatemaspernaturodio.png?size=50x50&set=set1');
insert into photos (id, user_id, description, filename) values (38, 88, 'Nullam varius.', 'https://robohash.org/rerumipsumsuscipit.png?size=50x50&set=set1');
insert into photos (id, user_id, description, filename) values (39, 48, 'Nullam porttitor lacus at turpis.', 'https://robohash.org/dolorbeataesuscipit.png?size=50x50&set=set1');
insert into photos (id, user_id, description, filename) values (40, 38, 'In hac habitasse platea dictumst.', 'https://robohash.org/eaharumut.png?size=50x50&set=set1');
insert into photos (id, user_id, description, filename) values (41, 44, 'In blandit ultrices enim.', 'https://robohash.org/noneumaut.png?size=50x50&set=set1');
insert into photos (id, user_id, description, filename) values (42, 67, 'Aliquam augue quam, sollicitudin vitae, consectetuer eget, rutrum at, lorem.', 'https://robohash.org/voluptasquasiinventore.png?size=50x50&set=set1');
insert into photos (id, user_id, description, filename) values (43, 32, 'Aliquam augue quam, sollicitudin vitae, consectetuer eget, rutrum at, lorem.', 'https://robohash.org/repellendustemporibusomnis.png?size=50x50&set=set1');
insert into photos (id, user_id, description, filename) values (44, 24, 'Vestibulum rutrum rutrum neque.', 'https://robohash.org/etestsapiente.png?size=50x50&set=set1');
insert into photos (id, user_id, description, filename) values (45, 26, 'Aliquam quis turpis eget elit sodales scelerisque.', 'https://robohash.org/quiarationedelectus.png?size=50x50&set=set1');
insert into photos (id, user_id, description, filename) values (46, 36, 'Duis ac nibh.', 'https://robohash.org/modieumeligendi.png?size=50x50&set=set1');
insert into photos (id, user_id, description, filename) values (47, 60, 'Fusce consequat.', 'https://robohash.org/doloremquealiasin.png?size=50x50&set=set1');
insert into photos (id, user_id, description, filename) values (48, 84, 'Donec semper sapien a libero.', 'https://robohash.org/autnonsit.png?size=50x50&set=set1');
insert into photos (id, user_id, description, filename) values (49, 30, 'Vestibulum sed magna at nunc commodo placerat.', 'https://robohash.org/ametdoloremquerepellat.png?size=50x50&set=set1');
insert into photos (id, user_id, description, filename) values (50, 22, 'Mauris lacinia sapien quis libero.', 'https://robohash.org/temporefaceresed.png?size=50x50&set=set1');
insert into photos (id, user_id, description, filename) values (51, 40, 'Morbi vel lectus in quam fringilla rhoncus.', 'https://robohash.org/beataetenetursoluta.png?size=50x50&set=set1');
insert into photos (id, user_id, description, filename) values (52, 28, 'Quisque porta volutpat erat.', 'https://robohash.org/voluptatemomnisdoloremque.png?size=50x50&set=set1');
insert into photos (id, user_id, description, filename) values (53, 96, 'Nulla mollis molestie lorem.', 'https://robohash.org/autremanimi.png?size=50x50&set=set1');
insert into photos (id, user_id, description, filename) values (54, 93, 'Proin risus.', 'https://robohash.org/enimexdolorem.png?size=50x50&set=set1');
insert into photos (id, user_id, description, filename) values (55, 101, 'Etiam vel augue.', 'https://robohash.org/praesentiumvelvoluptatem.png?size=50x50&set=set1');
insert into photos (id, user_id, description, filename) values (56, 11, 'Aliquam quis turpis eget elit sodales scelerisque.', 'https://robohash.org/adelenitivoluptatum.png?size=50x50&set=set1');
insert into photos (id, user_id, description, filename) values (57, 61, 'Duis mattis egestas metus.', 'https://robohash.org/voluptatemvitaequi.png?size=50x50&set=set1');
insert into photos (id, user_id, description, filename) values (58, 95, 'In hac habitasse platea dictumst.', 'https://robohash.org/molestiaeillumiste.png?size=50x50&set=set1');
insert into photos (id, user_id, description, filename) values (59, 89, 'Aliquam erat volutpat.', 'https://robohash.org/quorationerecusandae.png?size=50x50&set=set1');
insert into photos (id, user_id, description, filename) values (60, 34, 'Vestibulum ante ipsum primis in faucibus orci luctus et ultrices posuere cubilia Curae; Mauris viverra diam vitae quam.', 'https://robohash.org/quinatussint.png?size=50x50&set=set1');
insert into photos (id, user_id, description, filename) values (61, 52, 'In hac habitasse platea dictumst.', 'https://robohash.org/consectetureumlabore.png?size=50x50&set=set1');
insert into photos (id, user_id, description, filename) values (62, 81, 'Suspendisse potenti.', 'https://robohash.org/nihilculpaesse.png?size=50x50&set=set1');
insert into photos (id, user_id, description, filename) values (63, 4, 'Suspendisse ornare consequat lectus.', 'https://robohash.org/maximeofficiasit.png?size=50x50&set=set1');
insert into photos (id, user_id, description, filename) values (64, 45, 'Etiam vel augue.', 'https://robohash.org/corruptiveromodi.png?size=50x50&set=set1');
insert into photos (id, user_id, description, filename) values (65, 76, 'Vivamus in felis eu sapien cursus vestibulum.', 'https://robohash.org/eossitaut.png?size=50x50&set=set1');
insert into photos (id, user_id, description, filename) values (66, 6, 'Integer non velit.', 'https://robohash.org/auterrorcommodi.png?size=50x50&set=set1');
insert into photos (id, user_id, description, filename) values (67, 3, 'Maecenas leo odio, condimentum id, luctus nec, molestie sed, justo.', 'https://robohash.org/odioteneturmolestias.png?size=50x50&set=set1');
insert into photos (id, user_id, description, filename) values (68, 59, 'Sed vel enim sit amet nunc viverra dapibus.', 'https://robohash.org/nonerrornemo.png?size=50x50&set=set1');
insert into photos (id, user_id, description, filename) values (69, 92, 'Etiam vel augue.', 'https://robohash.org/aliquamtemporibusquidem.png?size=50x50&set=set1');
insert into photos (id, user_id, description, filename) values (70, 74, 'Nulla justo.', 'https://robohash.org/nisieaquis.png?size=50x50&set=set1');
insert into photos (id, user_id, description, filename) values (71, 38, 'Phasellus in felis.', 'https://robohash.org/aperiamnihilvelit.png?size=50x50&set=set1');
insert into photos (id, user_id, description, filename) values (72, 95, 'Suspendisse accumsan tortor quis turpis.', 'https://robohash.org/officiislaudantiumexplicabo.png?size=50x50&set=set1');
insert into photos (id, user_id, description, filename) values (73, 43, 'Cras pellentesque volutpat dui.', 'https://robohash.org/molestiasvelitet.png?size=50x50&set=set1');
insert into photos (id, user_id, description, filename) values (74, 32, 'Curabitur gravida nisi at nibh.', 'https://robohash.org/etetad.png?size=50x50&set=set1');
insert into photos (id, user_id, description, filename) values (75, 49, 'Nulla ut erat id mauris vulputate elementum.', 'https://robohash.org/explicabonumquamvoluptatem.png?size=50x50&set=set1');
insert into photos (id, user_id, description, filename) values (76, 85, 'Mauris sit amet eros.', 'https://robohash.org/excepturinihilaperiam.png?size=50x50&set=set1');
insert into photos (id, user_id, description, filename) values (77, 66, 'Pellentesque viverra pede ac diam.', 'https://robohash.org/nesciuntmolestiaequia.png?size=50x50&set=set1');
insert into photos (id, user_id, description, filename) values (78, 34, 'Duis ac nibh.', 'https://robohash.org/etlaborumcupiditate.png?size=50x50&set=set1');
insert into photos (id, user_id, description, filename) values (79, 82, 'Proin interdum mauris non ligula pellentesque ultrices.', 'https://robohash.org/sedoditminus.png?size=50x50&set=set1');
insert into photos (id, user_id, description, filename) values (80, 22, 'Sed accumsan felis.', 'https://robohash.org/inventoredignissimoseum.png?size=50x50&set=set1');
insert into photos (id, user_id, description, filename) values (81, 6, 'Aenean fermentum.', 'https://robohash.org/rerumrepellendusqui.png?size=50x50&set=set1');
insert into photos (id, user_id, description, filename) values (82, 60, 'Vivamus vel nulla eget eros elementum pellentesque.', 'https://robohash.org/corporisaperiamatque.png?size=50x50&set=set1');
insert into photos (id, user_id, description, filename) values (83, 62, 'Nulla suscipit ligula in lacus.', 'https://robohash.org/porrovoluptatemreprehenderit.png?size=50x50&set=set1');
insert into photos (id, user_id, description, filename) values (84, 27, 'Quisque erat eros, viverra eget, congue eget, semper rutrum, nulla.', 'https://robohash.org/minussequirecusandae.png?size=50x50&set=set1');
insert into photos (id, user_id, description, filename) values (85, 31, 'Etiam pretium iaculis justo.', 'https://robohash.org/rerumquinostrum.png?size=50x50&set=set1');
insert into photos (id, user_id, description, filename) values (86, 56, 'Quisque ut erat.', 'https://robohash.org/magnamistenatus.png?size=50x50&set=set1');
insert into photos (id, user_id, description, filename) values (87, 92, 'Duis mattis egestas metus.', 'https://robohash.org/quossuntesse.png?size=50x50&set=set1');
insert into photos (id, user_id, description, filename) values (88, 95, 'Aliquam augue quam, sollicitudin vitae, consectetuer eget, rutrum at, lorem.', 'https://robohash.org/minusmaioresasperiores.png?size=50x50&set=set1');
insert into photos (id, user_id, description, filename) values (89, 56, 'Suspendisse potenti.', 'https://robohash.org/atvoluptasnostrum.png?size=50x50&set=set1');
insert into photos (id, user_id, description, filename) values (90, 15, 'Duis at velit eu est congue elementum.', 'https://robohash.org/sapientesedvoluptas.png?size=50x50&set=set1');
insert into photos (id, user_id, description, filename) values (91, 76, 'Vestibulum sed magna at nunc commodo placerat.', 'https://robohash.org/inciduntsimiliqueullam.png?size=50x50&set=set1');
insert into photos (id, user_id, description, filename) values (92, 91, 'Duis at velit eu est congue elementum.', 'https://robohash.org/quodquasifacere.png?size=50x50&set=set1');
insert into photos (id, user_id, description, filename) values (93, 36, 'Mauris lacinia sapien quis libero.', 'https://robohash.org/architectorecusandaeexcepturi.png?size=50x50&set=set1');
insert into photos (id, user_id, description, filename) values (94, 28, 'Nulla ut erat id mauris vulputate elementum.', 'https://robohash.org/fugiatlaboriosamin.png?size=50x50&set=set1');
insert into photos (id, user_id, description, filename) values (95, 62, 'Suspendisse potenti.', 'https://robohash.org/facereducimusarchitecto.png?size=50x50&set=set1');
insert into photos (id, user_id, description, filename) values (96, 93, 'Aenean fermentum.', 'https://robohash.org/corruptiquoporro.png?size=50x50&set=set1');
insert into photos (id, user_id, description, filename) values (97, 50, 'Duis bibendum, felis sed interdum venenatis, turpis enim blandit mi, in porttitor pede justo eu massa.', 'https://robohash.org/suscipitcumquequi.png?size=50x50&set=set1');
insert into photos (id, user_id, description, filename) values (98, 90, 'Aliquam augue quam, sollicitudin vitae, consectetuer eget, rutrum at, lorem.', 'https://robohash.org/omnisinmolestiae.png?size=50x50&set=set1');
insert into photos (id, user_id, description, filename) values (99, 50, 'Mauris ullamcorper purus sit amet nulla.', 'https://robohash.org/veldelectusiure.png?size=50x50&set=set1');
insert into photos (id, user_id, description, filename) values (100, 33, 'Nulla neque libero, convallis eget, eleifend luctus, ultricies eu, nibh.', 'https://robohash.org/harumreprehenderitet.png?size=50x50&set=set1');
insert into photos (id, user_id, description, filename) values (101, 99, 'In hac habitasse platea dictumst.', 'https://robohash.org/quiconsequaturmolestias.png?size=50x50&set=set1');

-- likeablecontent
insert into type_content_like (id, id_photos, id_users, id_posts) values (1, 12, 46, 97);
insert into type_content_like (id, id_photos, id_users, id_posts) values (2, 95, 6, 19);
insert into type_content_like (id, id_photos, id_users, id_posts) values (3, 18, 91, 76);
insert into type_content_like (id, id_photos, id_users, id_posts) values (4, 21, 64, 90);
insert into type_content_like (id, id_photos, id_users, id_posts) values (5, 74, 11, 50);
insert into type_content_like (id, id_photos, id_users, id_posts) values (6, 69, 7, 32);
insert into type_content_like (id, id_photos, id_users, id_posts) values (7, 74, 98, 32);
insert into type_content_like (id, id_photos, id_users, id_posts) values (8, 71, 22, 51);
insert into type_content_like (id, id_photos, id_users, id_posts) values (9, 93, 38, 81);
insert into type_content_like (id, id_photos, id_users, id_posts) values (10, 96, 60, 93);
insert into type_content_like (id, id_photos, id_users, id_posts) values (11, 76, 51, 38);
insert into type_content_like (id, id_photos, id_users, id_posts) values (12, 29, 81, 43);
insert into type_content_like (id, id_photos, id_users, id_posts) values (13, 96, 94, 22);
insert into type_content_like (id, id_photos, id_users, id_posts) values (14, 100, 67, 44);
insert into type_content_like (id, id_photos, id_users, id_posts) values (15, 1, 16, 25);
insert into type_content_like (id, id_photos, id_users, id_posts) values (16, 72, 77, 11);
insert into type_content_like (id, id_photos, id_users, id_posts) values (17, 46, 65, 26);
insert into type_content_like (id, id_photos, id_users, id_posts) values (18, 38, 98, 3);
insert into type_content_like (id, id_photos, id_users, id_posts) values (19, 62, 31, 39);
insert into type_content_like (id, id_photos, id_users, id_posts) values (20, 11, 79, 87);
insert into type_content_like (id, id_photos, id_users, id_posts) values (21, 87, 68, 47);
insert into type_content_like (id, id_photos, id_users, id_posts) values (22, 74, 25, 41);
insert into type_content_like (id, id_photos, id_users, id_posts) values (23, 100, 63, 50);
insert into type_content_like (id, id_photos, id_users, id_posts) values (24, 93, 21, 90);
insert into type_content_like (id, id_photos, id_users, id_posts) values (25, 85, 67, 84);
insert into type_content_like (id, id_photos, id_users, id_posts) values (26, 63, 100, 33);
insert into type_content_like (id, id_photos, id_users, id_posts) values (27, 8, 49, 79);
insert into type_content_like (id, id_photos, id_users, id_posts) values (28, 72, 93, 63);
insert into type_content_like (id, id_photos, id_users, id_posts) values (29, 16, 71, 51);
insert into type_content_like (id, id_photos, id_users, id_posts) values (30, 61, 31, 61);
insert into type_content_like (id, id_photos, id_users, id_posts) values (31, 81, 24, 88);
insert into type_content_like (id, id_photos, id_users, id_posts) values (32, 15, 44, 77);
insert into type_content_like (id, id_photos, id_users, id_posts) values (33, 74, 7, 32);
insert into type_content_like (id, id_photos, id_users, id_posts) values (34, 4, 44, 91);
insert into type_content_like (id, id_photos, id_users, id_posts) values (35, 28, 68, 76);
insert into type_content_like (id, id_photos, id_users, id_posts) values (36, 3, 91, 48);
insert into type_content_like (id, id_photos, id_users, id_posts) values (37, 16, 95, 93);
insert into type_content_like (id, id_photos, id_users, id_posts) values (38, 80, 80, 56);
insert into type_content_like (id, id_photos, id_users, id_posts) values (39, 50, 60, 73);
insert into type_content_like (id, id_photos, id_users, id_posts) values (40, 41, 71, 52);
insert into type_content_like (id, id_photos, id_users, id_posts) values (41, 55, 85, 55);
insert into type_content_like (id, id_photos, id_users, id_posts) values (42, 60, 4, 11);
insert into type_content_like (id, id_photos, id_users, id_posts) values (43, 74, 13, 71);
insert into type_content_like (id, id_photos, id_users, id_posts) values (44, 73, 83, 1);
insert into type_content_like (id, id_photos, id_users, id_posts) values (45, 81, 78, 14);
insert into type_content_like (id, id_photos, id_users, id_posts) values (46, 35, 78, 49);
insert into type_content_like (id, id_photos, id_users, id_posts) values (47, 64, 8, 33);
insert into type_content_like (id, id_photos, id_users, id_posts) values (48, 46, 69, 50);
insert into type_content_like (id, id_photos, id_users, id_posts) values (49, 12, 70, 72);
insert into type_content_like (id, id_photos, id_users, id_posts) values (50, 2, 16, 65);
insert into type_content_like (id, id_photos, id_users, id_posts) values (51, 45, 30, 80);
insert into type_content_like (id, id_photos, id_users, id_posts) values (52, 82, 44, 32);
insert into type_content_like (id, id_photos, id_users, id_posts) values (53, 49, 37, 52);
insert into type_content_like (id, id_photos, id_users, id_posts) values (54, 76, 31, 35);
insert into type_content_like (id, id_photos, id_users, id_posts) values (55, 63, 10, 52);
insert into type_content_like (id, id_photos, id_users, id_posts) values (56, 40, 90, 101);
insert into type_content_like (id, id_photos, id_users, id_posts) values (57, 28, 101, 95);
insert into type_content_like (id, id_photos, id_users, id_posts) values (58, 1, 25, 17);
insert into type_content_like (id, id_photos, id_users, id_posts) values (59, 73, 89, 21);
insert into type_content_like (id, id_photos, id_users, id_posts) values (60, 10, 68, 16);
insert into type_content_like (id, id_photos, id_users, id_posts) values (61, 82, 39, 97);
insert into type_content_like (id, id_photos, id_users, id_posts) values (62, 9, 9, 64);
insert into type_content_like (id, id_photos, id_users, id_posts) values (63, 30, 51, 81);
insert into type_content_like (id, id_photos, id_users, id_posts) values (64, 52, 55, 46);
insert into type_content_like (id, id_photos, id_users, id_posts) values (65, 40, 30, 5);
insert into type_content_like (id, id_photos, id_users, id_posts) values (66, 16, 77, 67);
insert into type_content_like (id, id_photos, id_users, id_posts) values (67, 49, 101, 29);
insert into type_content_like (id, id_photos, id_users, id_posts) values (68, 56, 101, 55);
insert into type_content_like (id, id_photos, id_users, id_posts) values (69, 81, 75, 41);
insert into type_content_like (id, id_photos, id_users, id_posts) values (70, 77, 5, 98);
insert into type_content_like (id, id_photos, id_users, id_posts) values (71, 20, 72, 62);
insert into type_content_like (id, id_photos, id_users, id_posts) values (72, 70, 62, 42);
insert into type_content_like (id, id_photos, id_users, id_posts) values (73, 70, 44, 71);
insert into type_content_like (id, id_photos, id_users, id_posts) values (74, 29, 60, 7);
insert into type_content_like (id, id_photos, id_users, id_posts) values (75, 66, 8, 61);
insert into type_content_like (id, id_photos, id_users, id_posts) values (76, 79, 42, 2);
insert into type_content_like (id, id_photos, id_users, id_posts) values (77, 12, 89, 97);
insert into type_content_like (id, id_photos, id_users, id_posts) values (78, 47, 90, 70);
insert into type_content_like (id, id_photos, id_users, id_posts) values (79, 101, 36, 18);
insert into type_content_like (id, id_photos, id_users, id_posts) values (80, 36, 25, 24);
insert into type_content_like (id, id_photos, id_users, id_posts) values (81, 11, 22, 63);
insert into type_content_like (id, id_photos, id_users, id_posts) values (82, 3, 44, 9);
insert into type_content_like (id, id_photos, id_users, id_posts) values (83, 67, 87, 38);
insert into type_content_like (id, id_photos, id_users, id_posts) values (84, 20, 17, 15);
insert into type_content_like (id, id_photos, id_users, id_posts) values (85, 84, 53, 80);
insert into type_content_like (id, id_photos, id_users, id_posts) values (86, 62, 78, 48);
insert into type_content_like (id, id_photos, id_users, id_posts) values (87, 74, 44, 13);
insert into type_content_like (id, id_photos, id_users, id_posts) values (88, 21, 8, 17);
insert into type_content_like (id, id_photos, id_users, id_posts) values (89, 79, 85, 24);
insert into type_content_like (id, id_photos, id_users, id_posts) values (90, 98, 39, 36);
insert into type_content_like (id, id_photos, id_users, id_posts) values (91, 36, 72, 93);
insert into type_content_like (id, id_photos, id_users, id_posts) values (92, 77, 84, 62);
insert into type_content_like (id, id_photos, id_users, id_posts) values (93, 38, 66, 28);
insert into type_content_like (id, id_photos, id_users, id_posts) values (94, 92, 87, 47);
insert into type_content_like (id, id_photos, id_users, id_posts) values (95, 3, 61, 24);
insert into type_content_like (id, id_photos, id_users, id_posts) values (96, 65, 65, 66);
insert into type_content_like (id, id_photos, id_users, id_posts) values (97, 25, 98, 80);
insert into type_content_like (id, id_photos, id_users, id_posts) values (98, 51, 14, 31);
insert into type_content_like (id, id_photos, id_users, id_posts) values (99, 73, 92, 72);
insert into type_content_like (id, id_photos, id_users, id_posts) values (100, 77, 95, 16);
insert into type_content_like (id, id_photos, id_users, id_posts) values (101, 64, 12, 85);

-- likes
insert into likes (id, user_id, id_type_content_like, created_at, updated_at) values (1, 16, 25, '2020-09-25 10:40:58', '2020-09-26 00:00:00');
insert into likes (id, user_id, id_type_content_like, created_at, updated_at) values (2, 91, 24, '2020-09-25 08:14:00', '2020-09-26 00:00:00');
insert into likes (id, user_id, id_type_content_like, created_at, updated_at) values (3, 90, 20, '2020-09-25 14:45:15', '2020-09-26 00:00:00');
insert into likes (id, user_id, id_type_content_like, created_at, updated_at) values (4, 5, 50, '2020-09-25 07:49:41', '2020-09-26 00:00:00');
insert into likes (id, user_id, id_type_content_like, created_at, updated_at) values (5, 59, 4, '2020-09-25 12:57:41', '2020-09-26 00:00:00');
insert into likes (id, user_id, id_type_content_like, created_at, updated_at) values (6, 49, 49, '2020-09-25 07:11:55', '2020-09-26 00:00:00');
insert into likes (id, user_id, id_type_content_like, created_at, updated_at) values (7, 1, 60, '2020-09-25 01:26:55', '2020-09-26 00:00:00');
insert into likes (id, user_id, id_type_content_like, created_at, updated_at) values (8, 48, 79, '2020-09-25 06:13:29', '2020-09-26 00:00:00');
insert into likes (id, user_id, id_type_content_like, created_at, updated_at) values (9, 70, 28, '2020-09-25 12:07:01', '2020-09-26 00:00:00');
insert into likes (id, user_id, id_type_content_like, created_at, updated_at) values (10, 21, 43, '2020-09-25 22:47:22', '2020-09-26 00:00:00');
insert into likes (id, user_id, id_type_content_like, created_at, updated_at) values (11, 5, 90, '2020-09-25 07:41:50', '2020-09-26 00:00:00');
insert into likes (id, user_id, id_type_content_like, created_at, updated_at) values (12, 13, 23, '2020-09-25 02:57:43', '2020-09-26 00:00:00');
insert into likes (id, user_id, id_type_content_like, created_at, updated_at) values (13, 56, 7, '2020-09-25 12:16:51', '2020-09-26 00:00:00');
insert into likes (id, user_id, id_type_content_like, created_at, updated_at) values (14, 57, 59, '2020-09-25 15:55:18', '2020-09-26 00:00:00');
insert into likes (id, user_id, id_type_content_like, created_at, updated_at) values (15, 66, 42, '2020-09-25 06:48:03', '2020-09-26 00:00:00');
insert into likes (id, user_id, id_type_content_like, created_at, updated_at) values (16, 83, 12, '2020-09-25 23:25:43', '2020-09-26 00:00:00');
insert into likes (id, user_id, id_type_content_like, created_at, updated_at) values (17, 100, 23, '2020-09-25 07:54:25', '2020-09-26 00:00:00');
insert into likes (id, user_id, id_type_content_like, created_at, updated_at) values (18, 83, 93, '2020-09-25 04:06:14', '2020-09-26 00:00:00');
insert into likes (id, user_id, id_type_content_like, created_at, updated_at) values (19, 59, 49, '2020-09-25 12:48:18', '2020-09-26 00:00:00');
insert into likes (id, user_id, id_type_content_like, created_at, updated_at) values (20, 85, 48, '2020-09-25 08:17:44', '2020-09-26 00:00:00');
insert into likes (id, user_id, id_type_content_like, created_at, updated_at) values (21, 98, 38, '2020-09-25 19:01:57', '2020-09-26 00:00:00');
insert into likes (id, user_id, id_type_content_like, created_at, updated_at) values (22, 85, 26, '2020-09-25 02:14:33', '2020-09-26 00:00:00');
insert into likes (id, user_id, id_type_content_like, created_at, updated_at) values (23, 95, 61, '2020-09-25 11:25:00', '2020-09-26 00:00:00');
insert into likes (id, user_id, id_type_content_like, created_at, updated_at) values (24, 25, 71, '2020-09-25 00:59:29', '2020-09-26 00:00:00');
insert into likes (id, user_id, id_type_content_like, created_at, updated_at) values (25, 21, 53, '2020-09-25 00:19:29', '2020-09-26 00:00:00');
insert into likes (id, user_id, id_type_content_like, created_at, updated_at) values (26, 27, 11, '2020-09-25 10:51:10', '2020-09-26 00:00:00');
insert into likes (id, user_id, id_type_content_like, created_at, updated_at) values (27, 8, 61, '2020-09-25 00:17:37', '2020-09-26 00:00:00');
insert into likes (id, user_id, id_type_content_like, created_at, updated_at) values (28, 22, 50, '2020-09-25 01:39:01', '2020-09-26 00:00:00');
insert into likes (id, user_id, id_type_content_like, created_at, updated_at) values (29, 58, 89, '2020-09-25 10:07:22', '2020-09-26 00:00:00');
insert into likes (id, user_id, id_type_content_like, created_at, updated_at) values (30, 73, 56, '2020-09-25 12:11:48', '2020-09-26 00:00:00');
insert into likes (id, user_id, id_type_content_like, created_at, updated_at) values (31, 30, 63, '2020-09-25 02:24:43', '2020-09-26 00:00:00');
insert into likes (id, user_id, id_type_content_like, created_at, updated_at) values (32, 18, 64, '2020-09-25 17:18:13', '2020-09-26 00:00:00');
insert into likes (id, user_id, id_type_content_like, created_at, updated_at) values (33, 90, 23, '2020-09-25 18:27:45', '2020-09-26 00:00:00');
insert into likes (id, user_id, id_type_content_like, created_at, updated_at) values (34, 83, 45, '2020-09-25 15:14:39', '2020-09-26 00:00:00');
insert into likes (id, user_id, id_type_content_like, created_at, updated_at) values (35, 94, 1, '2020-09-25 15:56:44', '2020-09-26 00:00:00');
insert into likes (id, user_id, id_type_content_like, created_at, updated_at) values (36, 94, 84, '2020-09-25 12:18:58', '2020-09-26 00:00:00');
insert into likes (id, user_id, id_type_content_like, created_at, updated_at) values (37, 87, 87, '2020-09-25 19:27:12', '2020-09-26 00:00:00');
insert into likes (id, user_id, id_type_content_like, created_at, updated_at) values (38, 3, 13, '2020-09-25 07:34:58', '2020-09-26 00:00:00');
insert into likes (id, user_id, id_type_content_like, created_at, updated_at) values (39, 46, 56, '2020-09-25 07:43:07', '2020-09-26 00:00:00');
insert into likes (id, user_id, id_type_content_like, created_at, updated_at) values (40, 92, 86, '2020-09-25 22:39:40', '2020-09-26 00:00:00');
insert into likes (id, user_id, id_type_content_like, created_at, updated_at) values (41, 25, 101, '2020-09-25 23:33:45', '2020-09-26 00:00:00');
insert into likes (id, user_id, id_type_content_like, created_at, updated_at) values (42, 30, 88, '2020-09-25 13:38:33', '2020-09-26 00:00:00');
insert into likes (id, user_id, id_type_content_like, created_at, updated_at) values (43, 65, 73, '2020-09-25 11:15:12', '2020-09-26 00:00:00');
insert into likes (id, user_id, id_type_content_like, created_at, updated_at) values (44, 88, 50, '2020-09-25 02:52:10', '2020-09-26 00:00:00');
insert into likes (id, user_id, id_type_content_like, created_at, updated_at) values (45, 7, 85, '2020-09-25 07:29:42', '2020-09-26 00:00:00');
insert into likes (id, user_id, id_type_content_like, created_at, updated_at) values (46, 32, 7, '2020-09-25 11:02:40', '2020-09-26 00:00:00');
insert into likes (id, user_id, id_type_content_like, created_at, updated_at) values (47, 50, 19, '2020-09-25 13:03:22', '2020-09-26 00:00:00');
insert into likes (id, user_id, id_type_content_like, created_at, updated_at) values (48, 24, 69, '2020-09-25 09:12:13', '2020-09-26 00:00:00');
insert into likes (id, user_id, id_type_content_like, created_at, updated_at) values (49, 95, 61, '2020-09-25 20:30:18', '2020-09-26 00:00:00');
insert into likes (id, user_id, id_type_content_like, created_at, updated_at) values (50, 84, 93, '2020-09-25 07:16:04', '2020-09-26 00:00:00');
insert into likes (id, user_id, id_type_content_like, created_at, updated_at) values (51, 80, 17, '2020-09-25 09:28:42', '2020-09-26 00:00:00');
insert into likes (id, user_id, id_type_content_like, created_at, updated_at) values (52, 79, 15, '2020-09-25 19:15:05', '2020-09-26 00:00:00');
insert into likes (id, user_id, id_type_content_like, created_at, updated_at) values (53, 3, 28, '2020-09-25 04:11:45', '2020-09-26 00:00:00');
insert into likes (id, user_id, id_type_content_like, created_at, updated_at) values (54, 11, 56, '2020-09-25 21:06:41', '2020-09-26 00:00:00');
insert into likes (id, user_id, id_type_content_like, created_at, updated_at) values (55, 25, 20, '2020-09-25 23:58:44', '2020-09-26 00:00:00');
insert into likes (id, user_id, id_type_content_like, created_at, updated_at) values (56, 25, 35, '2020-09-25 14:19:34', '2020-09-26 00:00:00');
insert into likes (id, user_id, id_type_content_like, created_at, updated_at) values (57, 82, 98, '2020-09-25 19:09:02', '2020-09-26 00:00:00');
insert into likes (id, user_id, id_type_content_like, created_at, updated_at) values (58, 61, 14, '2020-09-25 13:47:25', '2020-09-26 00:00:00');
insert into likes (id, user_id, id_type_content_like, created_at, updated_at) values (59, 34, 51, '2020-09-25 22:44:15', '2020-09-26 00:00:00');
insert into likes (id, user_id, id_type_content_like, created_at, updated_at) values (60, 42, 10, '2020-09-25 16:55:54', '2020-09-26 00:00:00');
insert into likes (id, user_id, id_type_content_like, created_at, updated_at) values (61, 94, 40, '2020-09-25 05:45:24', '2020-09-26 00:00:00');
insert into likes (id, user_id, id_type_content_like, created_at, updated_at) values (62, 78, 70, '2020-09-25 01:56:52', '2020-09-26 00:00:00');
insert into likes (id, user_id, id_type_content_like, created_at, updated_at) values (63, 37, 70, '2020-09-25 00:58:19', '2020-09-26 00:00:00');
insert into likes (id, user_id, id_type_content_like, created_at, updated_at) values (64, 67, 40, '2020-09-25 03:56:04', '2020-09-26 00:00:00');
insert into likes (id, user_id, id_type_content_like, created_at, updated_at) values (65, 64, 4, '2020-09-25 13:13:06', '2020-09-26 00:00:00');
insert into likes (id, user_id, id_type_content_like, created_at, updated_at) values (66, 38, 40, '2020-09-25 11:27:32', '2020-09-26 00:00:00');
insert into likes (id, user_id, id_type_content_like, created_at, updated_at) values (67, 19, 22, '2020-09-25 12:35:11', '2020-09-26 00:00:00');
insert into likes (id, user_id, id_type_content_like, created_at, updated_at) values (68, 82, 74, '2020-09-25 09:10:16', '2020-09-26 00:00:00');
insert into likes (id, user_id, id_type_content_like, created_at, updated_at) values (69, 46, 81, '2020-09-25 20:12:32', '2020-09-26 00:00:00');
insert into likes (id, user_id, id_type_content_like, created_at, updated_at) values (70, 25, 15, '2020-09-25 07:30:26', '2020-09-26 00:00:00');
insert into likes (id, user_id, id_type_content_like, created_at, updated_at) values (71, 43, 49, '2020-09-25 21:26:30', '2020-09-26 00:00:00');
insert into likes (id, user_id, id_type_content_like, created_at, updated_at) values (72, 59, 13, '2020-09-25 21:42:31', '2020-09-26 00:00:00');
insert into likes (id, user_id, id_type_content_like, created_at, updated_at) values (73, 17, 43, '2020-09-25 22:16:06', '2020-09-26 00:00:00');
insert into likes (id, user_id, id_type_content_like, created_at, updated_at) values (74, 29, 75, '2020-09-25 10:37:24', '2020-09-26 00:00:00');
insert into likes (id, user_id, id_type_content_like, created_at, updated_at) values (75, 51, 51, '2020-09-25 05:13:04', '2020-09-26 00:00:00');
insert into likes (id, user_id, id_type_content_like, created_at, updated_at) values (76, 46, 25, '2020-09-25 03:49:02', '2020-09-26 00:00:00');
insert into likes (id, user_id, id_type_content_like, created_at, updated_at) values (77, 6, 76, '2020-09-25 15:09:18', '2020-09-26 00:00:00');
insert into likes (id, user_id, id_type_content_like, created_at, updated_at) values (78, 25, 2, '2020-09-25 00:55:40', '2020-09-26 00:00:00');
insert into likes (id, user_id, id_type_content_like, created_at, updated_at) values (79, 92, 61, '2020-09-25 03:53:59', '2020-09-26 00:00:00');
insert into likes (id, user_id, id_type_content_like, created_at, updated_at) values (80, 47, 20, '2020-09-25 21:43:42', '2020-09-26 00:00:00');
insert into likes (id, user_id, id_type_content_like, created_at, updated_at) values (81, 45, 37, '2020-09-25 01:22:28', '2020-09-26 00:00:00');
insert into likes (id, user_id, id_type_content_like, created_at, updated_at) values (82, 39, 90, '2020-09-25 06:17:01', '2020-09-26 00:00:00');
insert into likes (id, user_id, id_type_content_like, created_at, updated_at) values (83, 39, 23, '2020-09-25 16:28:01', '2020-09-26 00:00:00');
insert into likes (id, user_id, id_type_content_like, created_at, updated_at) values (84, 11, 100, '2020-09-25 12:03:10', '2020-09-26 00:00:00');
insert into likes (id, user_id, id_type_content_like, created_at, updated_at) values (85, 14, 89, '2020-09-25 14:20:40', '2020-09-26 00:00:00');
insert into likes (id, user_id, id_type_content_like, created_at, updated_at) values (86, 21, 38, '2020-09-25 21:24:56', '2020-09-26 00:00:00');
insert into likes (id, user_id, id_type_content_like, created_at, updated_at) values (87, 97, 47, '2020-09-25 06:31:12', '2020-09-26 00:00:00');
insert into likes (id, user_id, id_type_content_like, created_at, updated_at) values (88, 65, 59, '2020-09-25 20:03:00', '2020-09-26 00:00:00');
insert into likes (id, user_id, id_type_content_like, created_at, updated_at) values (89, 51, 95, '2020-09-25 02:39:47', '2020-09-26 00:00:00');
insert into likes (id, user_id, id_type_content_like, created_at, updated_at) values (90, 59, 57, '2020-09-25 06:24:36', '2020-09-26 00:00:00');
insert into likes (id, user_id, id_type_content_like, created_at, updated_at) values (91, 64, 83, '2020-09-25 01:12:47', '2020-09-26 00:00:00');
insert into likes (id, user_id, id_type_content_like, created_at, updated_at) values (92, 74, 83, '2020-09-25 04:03:07', '2020-09-26 00:00:00');
insert into likes (id, user_id, id_type_content_like, created_at, updated_at) values (93, 55, 78, '2020-09-25 06:08:50', '2020-09-26 00:00:00');
insert into likes (id, user_id, id_type_content_like, created_at, updated_at) values (94, 30, 93, '2020-09-25 14:57:47', '2020-09-26 00:00:00');
insert into likes (id, user_id, id_type_content_like, created_at, updated_at) values (95, 13, 57, '2020-09-25 12:06:08', '2020-09-26 00:00:00');
insert into likes (id, user_id, id_type_content_like, created_at, updated_at) values (96, 58, 21, '2020-09-25 05:06:37', '2020-09-26 00:00:00');
insert into likes (id, user_id, id_type_content_like, created_at, updated_at) values (97, 51, 44, '2020-09-25 02:14:50', '2020-09-26 00:00:00');
insert into likes (id, user_id, id_type_content_like, created_at, updated_at) values (98, 48, 29, '2020-09-25 10:28:20', '2020-09-26 00:00:00');
insert into likes (id, user_id, id_type_content_like, created_at, updated_at) values (99, 33, 35, '2020-09-25 00:55:09', '2020-09-26 00:00:00');
insert into likes (id, user_id, id_type_content_like, created_at, updated_at) values (100, 86, 66, '2020-09-25 11:09:12', '2020-09-26 00:00:00');
insert into likes (id, user_id, id_type_content_like, created_at, updated_at) values (101, 27, 84, '2020-09-25 03:12:25', '2020-09-26 00:00:00');
